name,title,70:69:5a:aa:4e:4e:,b0:26:80:83:32:ce:,70:69:5a:a6:40:21:,70:69:5a:a6:11:21:,b0:26:80:83:32:c1:,70:69:5a:aa:4e:41:,70:69:5a:aa:48:41:,70:69:5a:aa:48:4e:,70:69:5a:aa:4e:4d:,b0:26:80:83:32:cd:,70:69:5a:a6:11:22:,70:69:5a:a6:40:22:,b0:26:80:83:32:c2:,70:69:5a:aa:4e:42:,70:69:5a:aa:48:42:,70:69:5a:aa:48:4d:,70:69:5a:a6:3a:8f:,b0:26:80:83:32:cf:,70:69:5a:a6:40:20:,70:69:5a:a6:11:20:,b0:26:80:83:32:c0:,70:69:5a:aa:4e:40:,70:69:5a:aa:48:40:,70:69:5a:aa:48:4f:,70:69:5a:aa:4e:4f:,70:69:5a:a6:40:2e:,70:69:5a:a6:11:2e:,70:69:5a:a6:40:2f:,70:69:5a:a6:11:2f:,70:69:5a:a6:11:2d:,b0:26:80:c9:7b:6e:,b0:26:80:83:37:0e:,b0:26:80:c9:7b:61:,b0:26:80:83:37:01:,b0:26:80:aa:70:a1:,b0:26:80:c9:7b:6d:,70:69:5a:a6:40:2d:,b0:26:80:83:37:0d:,b0:26:80:c9:7b:62:,b0:26:80:83:37:02:,b0:26:80:c9:7b:6f:,b0:26:80:83:37:0f:,70:69:5a:63:31:cf:,b0:26:80:c9:7b:60:,b0:26:80:83:37:00:,70:69:5a:8a:4e:60:,70:69:5a:a6:3a:8e:,70:69:5a:63:31:ce:,b0:26:80:83:33:8e:,b0:26:80:83:33:81:,70:69:5a:a6:3a:81:,70:69:5a:63:31:c1:,70:69:5a:a6:3a:8d:,70:69:5a:92:f7:8d:,70:69:5a:63:31:cd:,b0:26:80:83:33:8d:,b0:26:80:83:33:82:,70:69:5a:a6:3a:82:,70:69:5a:63:31:c2:,70:69:5a:a6:37:82:,b0:26:80:83:33:8f:,b0:26:80:83:33:80:,70:69:5a:a6:3a:80:,70:69:5a:63:31:c0:,70:69:5a:a6:37:80:,e8:65:49:db:4f:f1:,b0:26:80:a9:fb:ee:,70:69:5a:92:f7:8e:,b0:26:80:c9:83:c1:,b0:26:80:aa:71:e1:,70:69:5a:92:f7:81:,b0:26:80:aa:60:81:,70:69:5a:a6:3b:01:,b0:26:80:a9:fb:e1:,70:69:5a:a6:47:e1:,b0:26:80:a9:fb:ed:,b0:26:80:c9:83:c2:,b0:26:80:aa:60:82:,70:69:5a:a6:3b:02:,70:69:5a:92:f7:82:,b0:26:80:83:35:02:,e8:65:49:db:4f:f2:,b0:26:80:a9:fb:e2:,70:69:5a:a6:47:e2:,b0:26:80:a9:fb:ef:,70:69:5a:92:f7:8f:,b0:26:80:c9:83:c0:,b0:26:80:aa:71:e0:,b0:26:80:aa:60:80:,70:69:5a:a6:3b:00:,b0:26:80:a9:fb:e0:,70:69:5a:a6:47:e0:,70:69:5a:92:f7:80:,70:69:5a:6e:a3:41:,70:69:5a:6e:a3:4e:,70:69:5a:6e:a3:4d:,70:69:5a:6e:a3:42:,70:69:5a:6e:a3:4f:,70:69:5a:6e:a3:40:
5101,5101-AFT-S,-87,-95,-86,0,0,0,0,0,-87,0,0,-86,0,0,0,0,-83,0,-87,0,0,0,0,0,-86,-89,0,-89,0,0,-65,-84,-66,-84,0,-65,-88,-83,-66,-84,-66,-85,-66,-68,-84,0,-83,-65,-74,-79,-84,-58,-83,-83,-66,-74,-78,-84,-58,0,-74,-89,-83,-57,0,0,0,-84,0,0,-82,0,0,0,0,0,0,0,0,-83,0,0,0,0,0,-81,0,0,0,0,0,0,-82,0,0,0,0,0,0
5101,5101-AFT-E,-87,-95,-86,0,0,0,0,0,-87,0,0,-86,0,0,0,0,-83,0,-87,0,0,0,0,0,-86,-89,0,-89,0,0,-65,-84,-66,-84,0,-65,-88,-83,-66,-84,-66,-85,-66,-68,-84,0,-83,-65,-74,-79,-84,-58,-83,-83,-66,-74,-78,-84,-58,0,-74,-89,-83,-57,0,0,0,-84,0,0,-82,0,0,0,0,0,0,0,0,-83,0,0,0,0,0,-81,0,0,0,0,0,0,-82,0,0,0,0,0,0
5101,5101-AFT-N,-85,-95,-89,0,0,0,0,0,-86,0,0,-89,-91,0,0,0,-83,0,-87,0,0,0,0,0,-85,-87,0,-87,0,0,-65,-90,-67,-84,0,-65,-86,-90,-68,-84,-65,-90,-64,-67,-84,0,-83,-65,-77,-79,-85,-57,-84,-81,-65,-77,-80,-86,-57,0,-76,-84,-85,-57,0,0,0,-80,0,0,-84,0,0,0,0,0,0,0,0,-82,0,0,0,-95,0,-80,0,0,0,0,0,0,-80,0,0,0,0,0,0
5101,5101-AFT-W,-85,-95,-89,0,0,0,0,0,-86,0,0,-89,-91,0,0,0,-83,0,-87,0,0,0,0,0,-85,-87,0,-87,0,0,-65,-90,-67,-84,0,-65,-86,-90,-68,-84,-65,-90,-64,-67,-84,0,-83,-65,-77,-79,-85,-57,-84,-81,-65,-77,-80,-86,-57,0,-76,-84,-85,-57,0,0,0,-80,0,0,-84,0,0,0,0,0,0,0,0,-82,0,0,0,-95,0,-80,0,0,0,0,0,0,-80,0,0,0,0,0,0
5102,5102-AFT-W,-85,-95,-89,0,0,0,0,0,-86,0,0,-89,-91,0,0,0,-83,0,-87,0,0,0,0,0,-85,-87,0,-87,0,0,-65,-90,-67,-84,0,-65,-86,-90,-68,-84,-65,-90,-64,-67,-84,0,-83,-65,-77,-79,-85,-57,-84,-81,-65,-77,-80,-86,-57,0,-76,-84,-85,-57,0,0,0,-80,0,0,-84,0,0,0,0,0,0,0,0,-82,0,0,0,-95,0,-80,0,0,0,0,0,0,-80,0,0,0,0,0,0
5102,5102-AFT-S,-85,-95,-89,0,0,0,0,0,-86,0,0,-89,-91,0,0,0,-83,0,-87,0,0,0,0,0,-85,-87,0,-87,0,0,-65,-90,-67,-84,0,-65,-86,-90,-68,-84,-65,-90,-64,-67,-84,0,-83,-65,-77,-79,-85,-57,-84,-81,-65,-77,-80,-86,-57,0,-76,-84,-85,-57,0,0,0,-80,0,0,-84,0,0,0,0,0,0,0,0,-82,0,0,0,-95,0,-80,0,0,0,0,0,0,-80,0,0,0,0,0,0
5102,5102-AFT-E,-81,0,-91,0,0,-92,0,0,-82,0,0,-91,-91,-93,0,0,-77,0,-90,0,0,0,0,0,-81,-86,0,-85,0,0,-57,-89,-64,-82,0,-57,-87,-88,-63,-80,-57,-89,-70,-62,-82,0,-79,-70,-78,-74,-82,-59,-77,-76,-70,-78,-74,-82,-59,0,-77,-76,-82,-58,0,0,0,-80,0,0,-82,0,0,0,0,0,0,0,0,-82,0,0,0,-95,0,-80,0,0,0,0,0,0,-81,0,0,0,0,0,0
5102,5102-AFT-N,-81,0,-91,0,0,-92,0,0,-82,0,0,-91,-91,-93,0,0,-77,0,-90,0,0,0,0,0,-81,-86,0,-85,0,0,-57,-89,-64,-82,0,-57,-87,-88,-63,-80,-57,-89,-70,-62,-82,0,-79,-70,-78,-74,-82,-59,-77,-76,-70,-78,-74,-82,-59,0,-77,-76,-82,-58,0,0,0,-80,0,0,-82,0,0,0,0,0,0,0,0,-82,0,0,0,-95,0,-80,0,0,0,0,0,0,-81,0,0,0,0,0,0
5103,5103-AFT-S,-81,0,-87,0,0,-86,0,0,-81,0,0,-86,0,-87,0,0,0,0,-88,0,0,-86,0,0,-81,-85,0,-84,0,0,-71,-93,-67,-85,0,-72,-84,-92,-66,-86,-71,-92,-52,-68,-88,0,0,-53,-65,-67,-89,-42,0,-75,-52,-66,-65,-90,-42,0,-66,-67,-91,-42,0,0,0,-75,0,0,-75,0,0,0,0,0,0,0,0,-74,0,0,0,0,0,-75,0,0,0,0,0,0,-74,0,0,0,0,0,0
5103,5103-AFT-E,-83,0,-81,0,0,-89,0,0,-82,0,0,-81,0,-86,0,0,0,0,-84,0,0,-86,0,0,-82,-84,0,-84,0,0,-67,-93,-71,-81,0,-67,-85,-92,-72,-81,-67,-92,-52,-67,-88,0,-89,-53,-65,-67,-89,-49,-88,-75,-52,-66,-66,-90,-48,0,-66,-67,-87,-49,0,0,0,-75,0,0,-78,0,0,0,0,0,0,0,0,-78,0,0,0,0,0,-75,0,0,0,0,0,0,-78,0,0,0,0,0,0
5103,5103-AFT-N,-83,0,-81,0,0,-89,0,0,-82,0,0,-81,0,-86,0,0,0,0,-84,0,0,-86,0,0,-82,-84,0,-84,0,0,-67,-84,-71,-81,0,-67,-85,-83,-72,-81,-67,-83,-54,-67,-88,0,-89,-52,-67,-67,-89,-49,-88,-74,-52,-66,-66,-90,-48,0,-66,-67,-87,-49,0,0,0,-74,0,0,-78,0,0,0,0,0,0,0,0,-78,0,0,0,0,0,-75,0,0,0,0,0,0,-78,0,0,0,0,0,0
5103,5103-AFT-W,-83,0,-81,0,0,-89,0,0,-82,0,0,-81,0,-86,0,0,0,0,-84,0,0,-86,0,0,-82,-84,0,-84,0,0,-67,-84,-71,-81,0,-67,-85,-83,-72,-81,-67,-83,-54,-67,-88,0,-89,-52,-67,-67,-89,-49,-88,-74,-52,-66,-66,-90,-48,0,-66,-67,-87,-49,0,0,0,-74,0,0,-78,0,0,0,0,0,0,0,0,-78,0,0,0,0,0,-75,0,0,0,0,0,0,-78,0,0,0,0,0,0
5104,5104-AFT-W,-83,0,-81,0,0,-89,0,0,-82,0,0,-81,0,-86,0,0,0,0,-84,0,0,-86,0,0,-82,-84,0,-84,0,0,-67,-84,-71,-81,0,-67,-85,-83,-72,-81,-67,-83,-54,-67,-88,0,-89,-52,-67,-67,-89,-49,-88,-74,-52,-66,-66,-90,-48,0,-66,-67,-87,-49,0,0,0,-74,0,0,-78,0,0,0,0,0,0,0,0,-78,0,0,0,0,0,-75,0,0,0,0,0,0,-78,0,0,0,0,0,0
5104,5104-AFT-S,-83,0,-81,0,0,-89,0,0,-82,0,0,-81,0,-86,0,0,0,0,-84,0,0,-86,0,0,-82,-84,0,-84,0,0,-67,-84,-71,-81,0,-67,-85,-83,-72,-81,-67,-83,-54,-67,-88,0,-89,-52,-67,-67,-89,-49,-88,-74,-52,-66,-66,-90,-48,0,-66,-67,-87,-49,0,0,0,-74,0,0,-78,0,0,0,0,0,0,0,0,-78,0,0,0,0,0,-75,0,0,0,0,0,0,-78,0,0,0,0,0,0
5104,5104-AFT-E,-82,0,-82,0,0,-83,0,0,-83,0,0,-81,0,-86,0,0,0,0,-82,0,0,-86,0,0,-83,-86,0,-84,0,0,-67,-79,-69,-81,0,-67,-86,-79,-68,-81,-67,-83,-55,-67,0,0,-89,-55,-68,-69,-86,-43,-88,-80,-55,-68,-69,-89,-44,0,-68,-70,-87,-44,0,0,0,-80,0,-91,-78,0,0,0,0,0,0,0,0,-80,0,0,0,0,0,-80,0,-92,0,0,0,0,-79,0,0,0,0,0,0
5104,5104-AFT-N,-82,0,-82,0,0,-83,0,0,-83,0,0,-81,0,-86,0,0,0,0,-82,0,0,-86,0,0,-83,-86,0,-84,0,0,-67,-79,-69,-81,0,-67,-86,-79,-68,-81,-67,-83,-55,-67,0,0,-89,-55,-68,-69,-86,-43,-88,-80,-55,-68,-69,-89,-44,0,-68,-70,-87,-44,0,0,0,-80,0,-91,-78,0,0,0,0,0,0,0,0,-80,0,0,0,0,0,-80,0,-92,0,0,0,0,-79,0,0,0,0,0,0
5105,5105-AFT-E,-82,0,-82,0,0,-83,0,0,-83,0,0,-81,0,-86,0,0,0,0,-82,0,0,-86,0,0,-83,-86,0,-84,0,0,-67,-79,-69,-81,0,-67,-86,-79,-68,-81,-67,-83,-55,-67,0,0,-89,-55,-68,-69,-86,-43,-88,-80,-55,-68,-69,-89,-44,0,-68,-70,-87,-44,0,0,0,-80,0,-91,-78,0,0,0,0,0,0,0,0,-80,0,0,0,0,0,-80,0,-92,0,0,0,0,-79,0,0,0,0,0,0
5105,5105-AFT-S,-85,0,-86,0,0,-83,0,0,-85,0,0,-87,0,0,0,0,0,0,-86,0,0,0,0,0,-85,-80,0,-80,0,0,-71,-87,-71,-84,0,-70,-80,-87,-69,-85,-71,-87,-55,-70,-85,0,-91,-55,-64,-69,-90,-45,-89,-74,-55,-71,-70,-89,-45,0,-63,-70,-90,-45,0,0,0,-74,0,-91,0,0,0,0,0,0,0,0,0,-80,0,0,0,0,0,-74,0,-92,0,0,0,0,-79,0,0,0,0,0,0
5105,5105-AFT-W,-85,0,-86,0,0,-83,0,0,-85,0,0,-87,0,0,0,0,0,0,-86,0,0,0,0,0,-85,-80,0,-80,0,0,-71,-87,-71,-84,0,-70,-80,-87,-69,-85,-71,-87,-55,-70,-85,0,-91,-55,-64,-69,-90,-45,-89,-74,-55,-71,-70,-89,-45,0,-63,-70,-90,-45,0,0,0,-74,0,-91,0,0,0,0,0,0,0,0,0,-80,0,0,0,0,0,-74,0,-92,0,0,0,0,-79,0,0,0,0,0,0
5105,5105-AFT-N,-85,0,-86,0,0,-83,0,0,-85,0,0,-87,0,0,0,0,0,0,-86,0,0,0,0,0,-85,-80,0,-80,0,0,-71,-87,-71,-84,0,-70,-80,-87,-69,-85,-71,-87,-55,-70,-85,0,-91,-55,-64,-69,-90,-45,-89,-74,-55,-71,-70,-89,-45,0,-63,-70,-90,-45,0,0,0,-74,0,-91,0,0,0,0,0,0,0,0,0,-80,0,0,0,0,0,-74,0,-92,0,0,0,0,-79,0,0,0,0,0,0
5106,5106-AFT-E,-85,0,-93,0,0,0,0,0,-85,0,0,-95,0,0,0,0,0,0,-86,0,0,0,0,0,-85,-95,0,-94,0,0,-71,-92,-80,-84,0,-71,-95,-93,-80,-92,-76,-93,-55,-80,-92,0,-91,-55,-58,-59,-90,-48,-89,-74,-55,-59,-59,-90,-48,0,-59,-59,-90,-51,0,0,0,-74,0,0,-88,0,0,0,0,0,0,0,0,-86,0,0,0,0,0,-73,0,0,0,0,0,0,-88,0,0,0,0,0,0
5106,5106-AFT-N,-85,0,-93,0,0,0,0,0,-85,0,0,-95,0,0,0,0,0,0,-86,0,0,0,0,0,-85,-95,0,-94,0,0,-71,-92,-80,-84,0,-71,-95,-93,-80,-92,-76,-93,-55,-80,-92,0,-91,-55,-58,-59,-90,-48,-89,-74,-55,-59,-59,-90,-48,0,-59,-59,-90,-51,0,0,0,-74,0,0,-88,0,0,0,0,0,0,0,0,-86,0,0,0,0,0,-73,0,0,0,0,0,0,-88,0,0,0,0,0,0
5106,5106-AFT-W,-85,0,-93,0,0,0,0,0,-85,0,0,-95,0,0,0,0,0,0,-86,0,0,0,0,0,-85,-95,0,-94,0,0,-71,-92,-80,-84,0,-71,-95,-93,-80,-92,-76,-93,-55,-80,-92,0,-91,-55,-58,-59,-90,-48,-89,-74,-55,-59,-59,-90,-48,0,-59,-59,-90,-51,0,0,0,-74,0,0,-88,0,0,0,0,0,0,0,0,-86,0,0,0,0,0,-73,0,0,0,0,0,0,-88,0,0,0,0,0,0
5106,5106-AFT-S,-85,0,-93,0,0,0,0,0,-85,0,0,-95,0,0,0,0,0,0,-86,0,0,0,0,0,-85,-95,0,-94,0,0,-71,-92,-80,-84,0,-71,-95,-93,-80,-92,-76,-93,-55,-80,-92,0,-91,-55,-58,-59,-90,-48,-89,-74,-55,-59,-59,-90,-48,0,-59,-59,-90,-51,0,0,0,-74,0,0,-88,0,0,0,0,0,0,0,0,-86,0,0,0,0,0,-73,0,0,0,0,0,0,-88,0,0,0,0,0,0
5107,5107-AFT-S,0,0,0,0,0,0,0,0,0,0,0,0,0,0,0,0,0,0,0,0,0,0,0,0,0,-96,0,-95,0,0,-83,-95,-81,0,0,-84,-96,-95,-80,-96,-83,-95,-65,-80,-93,0,0,-64,-53,-50,-93,-62,0,-66,-65,-53,-50,-94,-62,0,-54,-50,0,-63,0,0,0,-66,0,0,-72,0,0,0,0,0,0,0,0,-71,0,0,0,0,0,-66,0,0,0,0,0,-93,-70,0,0,0,0,0,0
5107,5107-AFT-E,0,0,0,0,0,0,0,0,0,0,0,0,0,0,0,0,0,0,0,0,0,0,0,0,0,-89,0,-89,0,0,-84,-95,-81,0,0,-84,-90,-95,-80,-96,-84,-95,-64,-80,-93,0,0,-72,-50,-50,-93,-62,0,-70,-71,-49,-50,-94,-62,0,-49,-50,0,-63,0,0,0,-70,0,0,-72,0,0,0,0,0,0,0,0,-71,0,0,0,0,0,-69,0,0,0,0,0,-93,-70,0,0,0,0,0,0
5107,5107-AFT-N,0,0,-93,0,0,0,0,0,0,0,0,-95,0,0,0,0,0,0,0,0,0,0,0,0,0,-96,0,-95,0,0,-83,-95,-82,0,0,-84,-96,-95,-80,-92,-83,-95,-65,-80,-92,0,0,-64,-53,-50,-90,-64,0,-66,-65,-53,-51,-94,-63,0,-54,-53,-90,-63,0,0,0,-66,0,0,-74,0,0,0,0,0,0,0,0,-71,0,0,0,0,0,-66,0,0,0,0,0,0,-73,0,0,0,0,0,0
5107,5107-AFT-W,0,0,-93,0,0,0,0,0,0,0,0,-95,0,0,0,0,0,0,0,0,0,0,0,0,0,-96,0,-95,0,0,-83,-95,-82,0,0,-84,-96,-95,-80,-92,-83,-95,-65,-80,-92,0,0,-64,-53,-50,-90,-64,0,-66,-65,-53,-51,-94,-63,0,-54,-53,-90,-63,0,0,0,-66,0,0,-74,0,0,0,0,0,0,0,0,-71,0,0,0,0,0,-66,0,0,0,0,0,0,-73,0,0,0,0,0,0
5108,5108-AFT-N,0,-82,0,0,0,0,0,0,0,-83,0,0,0,0,0,0,-72,-83,0,0,0,0,0,0,0,0,0,0,0,0,-85,0,-86,0,0,-84,0,0,-87,0,-84,0,-74,-87,0,0,-72,-74,-49,-43,-74,-67,-70,-66,-74,-48,-43,-92,-67,0,-49,-43,-74,-67,0,0,0,-66,0,0,-68,0,0,0,-94,0,0,0,0,-68,0,0,0,-92,0,-67,0,0,0,0,0,-94,-68,0,0,0,0,0,0
5108,5108-AFT-E,0,-82,0,0,0,0,0,0,0,-83,0,0,0,0,0,0,-72,-83,0,0,0,0,0,0,0,0,0,0,0,0,-85,0,-86,0,0,-84,0,0,-87,0,-84,0,-74,-87,0,0,-72,-74,-49,-43,-74,-67,-70,-66,-74,-48,-43,-92,-67,0,-49,-43,-74,-67,0,0,0,-66,0,0,-68,0,0,0,-94,0,0,0,0,-68,0,0,0,-92,0,-67,0,0,0,0,0,-94,-68,0,0,0,0,0,0
5108,5108-AFT-W,0,-82,0,0,0,0,0,0,0,-83,0,0,0,0,0,0,-72,-83,0,0,0,0,0,0,0,0,0,0,0,0,-85,0,-86,0,0,-84,0,0,-87,0,-84,0,-74,-87,0,0,-72,-74,-49,-43,-74,-67,-70,-66,-74,-48,-43,-92,-67,0,-49,-43,-74,-67,0,0,0,-66,0,0,-68,0,0,0,-94,0,0,0,0,-68,0,0,0,-92,0,-67,0,0,0,0,0,-94,-68,0,0,0,0,0,0
5108,5108-AFT-S,0,0,0,0,0,0,0,0,0,0,0,0,0,0,0,0,0,0,0,0,0,0,0,0,0,0,0,0,0,0,-87,0,-86,0,0,-78,0,-96,-87,0,-86,-97,-70,-87,0,0,-88,-70,-48,-47,-92,-63,-87,-61,-71,-48,-47,-89,-63,0,-47,-47,-91,-63,0,0,0,-61,0,0,-68,0,0,0,-94,0,0,0,0,-64,0,0,0,-96,0,-61,0,0,0,0,0,-94,-68,0,0,0,0,0,0
5107 RESTROOMS,5107 RESTROOMS-AFT-E,-94,0,-96,0,0,0,0,0,-94,0,0,-95,0,0,0,0,0,0,0,0,0,0,0,0,-95,-91,0,-91,0,0,-80,-95,-74,-93,0,-80,-93,-95,-76,0,-80,-96,-64,-75,0,0,0,-64,-49,-49,-90,-59,0,-71,-64,-48,-49,-88,-59,0,-48,-49,-89,-58,0,0,0,-72,0,0,-68,0,0,0,-94,0,0,0,0,-81,0,0,0,-95,0,-71,0,0,0,0,0,-94,-67,0,0,0,0,0,0
5107 RESTROOMS,5107 RESTROOMS-AFT-N,-95,0,0,0,0,0,0,0,-95,0,0,0,0,0,0,0,0,0,0,0,0,0,0,0,-93,-94,0,-96,0,0,-79,-95,-80,0,0,-79,-95,-94,-80,0,-80,-96,-69,-80,0,0,0,-69,-51,-46,-89,-71,0,-72,-69,-50,-46,0,-61,0,-51,-46,-90,-61,0,0,0,-72,0,0,-68,0,0,0,-94,0,0,0,0,-68,0,0,0,-95,0,-72,0,0,0,0,0,-94,-68,0,0,0,0,0,0
5107 RESTROOMS,5107 RESTROOMS-AFT-S,-94,0,-96,0,0,0,0,0,-94,0,0,-95,0,0,0,0,0,0,0,0,0,0,0,0,-95,-91,0,-91,0,0,-80,-95,-74,-93,0,-80,-93,-95,-76,0,-80,-96,-64,-75,0,0,0,-64,-49,-49,-90,-59,0,-71,-64,-48,-49,-88,-59,0,-48,-49,-89,-58,0,0,0,-72,0,0,-68,0,0,0,-94,0,0,0,0,-81,0,0,0,-95,0,-71,0,0,0,0,0,-94,-67,0,0,0,0,0,0
5107 RESTROOMS,5107 RESTROOMS-AFT-W,-94,0,-96,0,0,0,0,0,-94,0,0,-95,0,0,0,0,0,0,0,0,0,0,0,0,-95,-91,0,-91,0,0,-80,-95,-74,-93,0,-80,-93,-95,-76,0,-80,-96,-64,-75,0,0,0,-64,-49,-49,-90,-59,0,-71,-64,-48,-49,-88,-59,0,-48,-49,-89,-58,0,0,0,-72,0,0,-68,0,0,0,-94,0,0,0,0,-81,0,0,0,-95,0,-71,0,0,0,0,0,-94,-67,0,0,0,0,0,0
5108 RESTROOMS,5108 RESTROOMS-AFT-N,-94,0,-97,0,0,0,0,0,-94,0,0,-95,0,0,0,0,-91,0,0,0,0,0,0,0,-95,-91,0,-91,0,0,-88,0,-83,-93,0,-89,-93,-95,-83,0,-89,0,-67,-84,0,0,-91,-66,-46,-47,-91,-61,-91,-62,-66,-46,-46,-91,-62,0,-47,-46,-91,-62,0,0,0,-62,0,0,-68,0,0,0,0,0,0,0,0,-68,0,0,0,0,0,-63,0,0,0,0,0,0,-68,0,0,0,0,0,0
5108 RESTROOMS,5108 RESTROOMS-AFT-W,-94,0,-97,0,0,0,0,0,-94,0,0,-95,0,0,0,0,-91,0,0,0,0,0,0,0,-95,-91,0,-91,0,0,-88,0,-83,-93,0,-89,-93,-95,-83,0,-89,0,-67,-84,0,0,-91,-66,-46,-47,-91,-61,-91,-62,-66,-46,-46,-91,-62,0,-47,-46,-91,-62,0,0,0,-62,0,0,-68,0,0,0,0,0,0,0,0,-68,0,0,0,0,0,-63,0,0,0,0,0,0,-68,0,0,0,0,0,0
5108 RESTROOMS,5108 RESTROOMS-AFT-S,-94,0,-97,0,0,0,0,0,-94,0,0,-95,0,0,0,0,-91,0,0,0,0,0,0,0,-95,-91,0,-91,0,0,-88,0,-83,-93,0,-89,-93,-95,-83,0,-89,0,-67,-84,0,0,-91,-66,-46,-47,-91,-61,-91,-62,-66,-46,-46,-91,-62,0,-47,-46,-91,-62,0,0,0,-62,0,0,-68,0,0,0,0,0,0,0,0,-68,0,0,0,0,0,-63,0,0,0,0,0,0,-68,0,0,0,0,0,0
5108 RESTROOMS,5108 RESTROOMS-AFT-E,-94,0,-97,0,0,0,0,0,-94,0,0,-95,0,0,0,0,-91,0,0,0,0,0,0,0,-95,-91,0,-91,0,0,-88,0,-83,-93,0,-89,-93,-95,-83,0,-89,0,-67,-84,0,0,-91,-66,-46,-47,-91,-61,-91,-62,-66,-46,-46,-91,-62,0,-47,-46,-91,-62,0,0,0,-62,0,0,-68,0,0,0,0,0,0,0,0,-68,0,0,0,0,0,-63,0,0,0,0,0,0,-68,0,0,0,0,0,0
5109 RESTROOMS,5109 RESTROOMS-AFT-E,-94,0,-97,0,0,0,0,0,-94,0,0,-95,0,0,0,0,-91,0,0,0,0,0,0,0,-95,-91,0,-91,0,0,-88,0,-83,-93,0,-89,-93,-95,-83,0,-89,0,-67,-84,0,0,-91,-66,-46,-47,-91,-61,-91,-62,-66,-46,-46,-91,-62,0,-47,-46,-91,-62,0,0,0,-62,0,0,-68,0,0,0,0,0,0,0,0,-68,0,0,0,0,0,-63,0,0,0,0,0,0,-68,0,0,0,0,0,0
5109 RESTROOMS,5109 RESTROOMS-AFT-N,-94,0,-97,0,0,0,0,0,-94,0,0,-95,0,0,0,0,-91,0,0,0,0,0,0,0,-95,-91,0,-91,0,0,-88,0,-83,-93,0,-89,-93,-95,-83,0,-89,0,-67,-84,0,0,-91,-66,-46,-47,-91,-61,-91,-62,-66,-46,-46,-91,-62,0,-47,-46,-91,-62,0,0,0,-62,0,0,-68,0,0,0,0,0,0,0,0,-68,0,0,0,0,0,-63,0,0,0,0,0,0,-68,0,0,0,0,0,0
5109 RESTROOMS,5109 RESTROOMS-AFT-W,-94,0,-97,0,0,0,0,0,-94,0,0,-95,0,0,0,0,-91,0,0,0,0,0,0,0,-95,-91,0,-91,0,0,-88,0,-83,-93,0,-89,-93,-95,-83,0,-89,0,-67,-84,0,0,-91,-66,-46,-47,-91,-61,-91,-62,-66,-46,-46,-91,-62,0,-47,-46,-91,-62,0,0,0,-62,0,0,-68,0,0,0,0,0,0,0,0,-68,0,0,0,0,0,-63,0,0,0,0,0,0,-68,0,0,0,0,0,0
5109 RESTROOMS,5109 RESTROOMS-AFT-S,-94,0,-97,0,0,0,0,0,-94,0,0,-95,0,0,0,0,-91,0,0,0,0,0,0,0,-95,-91,0,-91,0,0,-88,0,-83,-93,0,-89,-93,-95,-83,0,-89,0,-67,-84,0,0,-91,-66,-46,-47,-91,-61,-91,-62,-66,-46,-46,-91,-62,0,-47,-46,-91,-62,0,0,0,-62,0,0,-68,0,0,0,0,0,0,0,0,-68,0,0,0,0,0,-63,0,0,0,0,0,0,-68,0,0,0,0,0,0
5111,5111-AFT-N,0,0,-97,0,0,0,0,0,0,0,0,0,0,0,0,0,-90,0,0,0,0,0,0,0,0,-93,0,-93,0,0,-83,0,-81,0,0,-83,-93,0,-81,0,-83,0,-69,-82,0,0,-91,-69,-42,-42,-89,-61,-91,-61,-70,-42,-41,-91,-61,0,-42,-42,-90,-61,0,0,0,-62,0,0,-81,0,0,0,0,0,0,0,0,-82,0,0,0,-94,0,-62,0,0,0,0,0,0,-81,0,0,0,0,0,0
5111,5111-AFT-W,0,0,-97,0,0,0,0,0,0,0,0,0,0,0,0,0,-90,0,0,0,0,0,0,0,0,-93,0,-93,0,0,-83,0,-81,0,0,-83,-93,0,-81,0,-83,0,-69,-82,0,0,-91,-69,-42,-42,-89,-61,-91,-61,-70,-42,-41,-91,-61,0,-42,-42,-90,-61,0,0,0,-62,0,0,-81,0,0,0,0,0,0,0,0,-82,0,0,0,-94,0,-62,0,0,0,0,0,0,-81,0,0,0,0,0,0
5111,5111-AFT-S,0,0,-97,0,0,0,0,0,0,0,0,0,0,0,0,0,-90,0,0,0,0,0,0,0,0,-93,0,-93,0,0,-83,0,-81,0,0,-83,-93,0,-81,0,-83,0,-69,-82,0,0,-91,-69,-42,-42,-89,-61,-91,-61,-70,-42,-41,-91,-61,0,-42,-42,-90,-61,0,0,0,-62,0,0,-81,0,0,0,0,0,0,0,0,-82,0,0,0,-94,0,-62,0,0,0,0,0,0,-81,0,0,0,0,0,0
5111,5111-AFT-E,0,0,-97,0,0,0,0,0,0,0,0,0,0,0,0,0,-90,0,0,0,0,0,0,0,0,-93,0,-93,0,0,-83,0,-81,0,0,-83,-93,0,-81,0,-83,0,-69,-82,0,0,-91,-69,-42,-42,-89,-61,-91,-61,-70,-42,-41,-91,-61,0,-42,-42,-90,-61,0,0,0,-62,0,0,-81,0,0,0,0,0,0,0,0,-82,0,0,0,-94,0,-62,0,0,0,0,0,0,-81,0,0,0,0,0,0
5112,5112-AFT-N,0,0,0,0,0,0,0,0,0,0,0,0,0,0,0,0,-90,0,0,0,0,0,0,0,0,-93,0,-93,0,0,-90,0,-84,0,0,-89,-93,0,-86,0,-83,0,-75,-86,0,0,0,-74,-52,-50,-88,-70,0,-64,-74,-52,-50,-88,-70,0,-52,-50,-92,-69,0,0,0,-65,0,0,-64,0,0,0,0,0,0,0,0,-63,0,0,0,-94,0,-64,0,0,0,0,0,0,-64,0,0,0,0,0,0
5112,5112-AFT-W,0,0,0,0,0,0,0,0,0,0,0,0,0,0,0,0,-90,0,0,0,0,0,0,0,0,-93,0,-93,0,0,-90,0,-84,0,0,-89,-93,0,-86,0,-83,0,-75,-86,0,0,0,-74,-52,-50,-88,-70,0,-64,-74,-52,-50,-88,-70,0,-52,-50,-92,-69,0,0,0,-65,0,0,-64,0,0,0,0,0,0,0,0,-63,0,0,0,-94,0,-64,0,0,0,0,0,0,-64,0,0,0,0,0,0
5112,5112-AFT-S,0,0,0,0,0,0,0,0,0,0,0,0,0,0,0,0,-90,0,0,0,0,0,0,0,0,-93,0,-93,0,0,-90,0,-84,0,0,-89,-93,0,-86,0,-83,0,-75,-86,0,0,0,-74,-52,-50,-88,-70,0,-64,-74,-52,-50,-88,-70,0,-52,-50,-92,-69,0,0,0,-65,0,0,-64,0,0,0,0,0,0,0,0,-63,0,0,0,-94,0,-64,0,0,0,0,0,0,-64,0,0,0,0,0,0
5112,5112-AFT-E,0,0,0,0,0,0,0,0,0,0,0,0,0,0,0,0,-90,0,0,0,0,0,0,0,0,-93,0,-93,0,0,-90,0,-84,0,0,-89,-93,0,-86,0,-83,0,-75,-86,0,0,0,-74,-52,-50,-88,-70,0,-64,-74,-52,-50,-88,-70,0,-52,-50,-92,-69,0,0,0,-65,0,0,-64,0,0,0,0,0,0,0,0,-63,0,0,0,-94,0,-64,0,0,0,0,0,0,-64,0,0,0,0,0,0
5113,5113-AFT-N,0,0,0,0,0,0,0,0,0,0,0,0,0,0,0,0,-90,0,0,0,0,0,0,0,0,-93,0,-93,0,0,-90,0,-84,0,0,-89,-93,0,-86,0,-83,0,-75,-86,0,0,0,-74,-52,-50,-88,-70,0,-64,-74,-52,-50,-88,-70,0,-52,-50,-92,-69,0,0,0,-65,0,0,-64,0,0,0,0,0,0,0,0,-63,0,0,0,-94,0,-64,0,0,0,0,0,0,-64,0,0,0,0,0,0
5113,5113-AFT-W,0,0,0,0,0,0,0,0,0,0,0,0,0,0,0,0,-90,0,0,0,0,0,0,0,0,-93,0,-93,0,0,-90,0,-84,0,0,-89,-93,0,-86,0,-83,0,-75,-86,0,0,0,-74,-52,-50,-88,-70,0,-64,-74,-52,-50,-88,-70,0,-52,-50,-92,-69,0,0,0,-65,0,0,-64,0,0,0,0,0,0,0,0,-63,0,0,0,-94,0,-64,0,0,0,0,0,0,-64,0,0,0,0,0,0
5113,5113-AFT-S,0,0,0,0,0,0,0,0,0,0,0,0,0,0,0,0,-90,0,0,0,0,0,0,0,0,-93,0,-93,0,0,-90,0,-84,0,0,-89,-93,0,-86,0,-83,0,-75,-86,0,0,0,-74,-52,-50,-88,-70,0,-64,-74,-52,-50,-88,-70,0,-52,-50,-92,-69,0,0,0,-65,0,0,-64,0,0,0,0,0,0,0,0,-63,0,0,0,-94,0,-64,0,0,0,0,0,0,-64,0,0,0,0,0,0
5113,5113-AFT-E,0,0,0,0,0,0,0,0,0,0,0,0,0,0,0,0,-90,0,0,0,0,0,0,0,0,-93,0,-93,0,0,-90,0,-84,0,0,-89,-93,0,-86,0,-83,0,-75,-86,0,0,0,-74,-52,-50,-88,-70,0,-64,-74,-52,-50,-88,-70,0,-52,-50,-92,-69,0,0,0,-65,0,0,-64,0,0,0,0,0,0,0,0,-63,0,0,0,-94,0,-64,0,0,0,0,0,0,-64,0,0,0,0,0,0
5114,5114-AFT-E,0,0,0,0,0,0,0,0,0,0,0,0,0,0,0,0,-85,-94,0,0,-93,0,0,0,0,0,0,0,0,0,-90,0,-89,0,0,-89,0,0,-88,0,0,0,-72,-88,0,0,-85,-73,-52,-51,-91,-69,-86,-57,-73,-53,-51,-91,-68,0,-52,-52,-89,-69,0,0,0,-57,0,0,-64,0,0,0,0,0,0,0,0,-63,0,0,0,0,0,-57,0,0,0,0,0,0,-64,0,0,0,0,0,0
5114,5114-AFT-N,0,-71,0,0,0,0,0,0,0,-72,0,0,0,0,0,0,-77,-80,0,0,-93,0,0,0,0,0,0,0,0,0,-89,0,-92,0,0,-89,0,0,-91,0,0,0,-84,-93,0,0,-72,-84,-62,-60,-81,-76,-73,-49,-83,-61,-60,-81,-77,0,-61,-59,-82,-76,0,0,0,-49,0,0,-57,0,0,0,0,0,0,0,0,-55,0,0,0,0,0,-49,0,0,0,0,0,0,-56,0,0,0,0,0,0
5114,5114-AFT-W,0,-71,0,0,0,0,0,0,0,-72,0,0,0,0,0,0,-77,-80,0,0,-93,0,0,0,0,0,0,0,0,0,-89,0,-92,0,0,-89,0,0,-91,0,0,0,-84,-93,0,0,-72,-84,-62,-60,-81,-76,-73,-49,-83,-61,-60,-81,-77,0,-61,-59,-82,-76,0,0,0,-49,0,0,-57,0,0,0,0,0,0,0,0,-55,0,0,0,0,0,-49,0,0,0,0,0,0,-56,0,0,0,0,0,0
5114,5114-AFT-S,0,-71,0,0,0,0,0,0,0,-72,0,0,0,0,0,0,-77,-80,0,0,-93,0,0,0,0,0,0,0,0,0,-89,0,-92,0,0,-89,0,0,-91,0,0,0,-84,-93,0,0,-72,-84,-62,-60,-81,-76,-73,-49,-83,-61,-60,-81,-77,0,-61,-59,-82,-76,0,0,0,-49,0,0,-57,0,0,0,0,0,0,0,0,-55,0,0,0,0,0,-49,0,0,0,0,0,0,-56,0,0,0,0,0,0
5115,5115-AFT-N,0,-71,0,0,0,0,0,0,0,-72,0,0,0,0,0,0,-77,-80,0,0,-93,0,0,0,0,0,0,0,0,0,-89,0,-92,0,0,-89,0,0,-91,0,0,0,-84,-93,0,0,-72,-84,-62,-60,-81,-76,-73,-49,-83,-61,-60,-81,-77,0,-61,-59,-82,-76,0,0,0,-49,0,0,-57,0,0,0,0,0,0,0,0,-55,0,0,0,0,0,-49,0,0,0,0,0,0,-56,0,0,0,0,0,0
5115,5115-AFT-W,0,-71,0,0,0,0,0,0,0,-72,0,0,0,0,0,0,-77,-80,0,0,-93,0,0,0,0,0,0,0,0,0,-89,0,-92,0,0,-89,0,0,-91,0,0,0,-84,-93,0,0,-72,-84,-62,-60,-81,-76,-73,-49,-83,-61,-60,-81,-77,0,-61,-59,-82,-76,0,0,0,-49,0,0,-57,0,0,0,0,0,0,0,0,-55,0,0,0,0,0,-49,0,0,0,0,0,0,-56,0,0,0,0,0,0
5115,5115-AFT-S,0,-71,0,0,0,0,0,0,0,-72,0,0,0,0,0,0,-77,-80,0,0,-93,0,0,0,0,0,0,0,0,0,-89,0,-92,0,0,-89,0,0,-91,0,0,0,-84,-93,0,0,-72,-84,-62,-60,-81,-76,-73,-49,-83,-61,-60,-81,-77,0,-61,-59,-82,-76,0,0,0,-49,0,0,-57,0,0,0,0,0,0,0,0,-55,0,0,0,0,0,-49,0,0,0,0,0,0,-56,0,0,0,0,0,0
5115,5115-AFT-E,0,-91,0,0,0,0,0,0,0,-92,0,0,0,0,0,0,-81,-92,0,0,0,0,0,0,0,0,0,0,0,0,-89,0,-93,0,0,-89,0,0,-92,0,0,0,-87,-93,0,0,-81,-85,-64,-67,-85,-79,-81,-63,-86,-64,-67,-84,-80,0,-64,-66,-84,-80,0,0,0,-63,0,0,-62,0,0,0,0,0,0,0,0,-62,0,0,0,0,0,-63,0,0,0,0,0,0,-62,0,0,0,0,0,0
5119,5119-AFT-E,0,-91,0,0,0,0,0,0,0,-92,0,0,0,0,0,0,-81,-92,0,0,0,0,0,0,0,0,0,0,0,0,-89,0,-93,0,0,-89,0,0,-92,0,0,0,-87,-93,0,0,-81,-85,-64,-67,-85,-79,-81,-63,-86,-64,-67,-84,-80,0,-64,-66,-84,-80,0,0,0,-63,0,0,-62,0,0,0,0,0,0,0,0,-62,0,0,0,0,0,-63,0,0,0,0,0,0,-62,0,0,0,0,0,0
5119,5119-AFT-N,0,-91,0,0,0,0,0,0,0,-92,0,0,0,0,0,0,-81,-92,0,0,0,0,0,0,0,0,0,0,0,0,-89,0,-93,0,0,-89,0,0,-92,0,0,0,-87,-93,0,0,-81,-85,-64,-67,-85,-79,-81,-63,-86,-64,-67,-84,-80,0,-64,-66,-84,-80,0,0,0,-63,0,0,-62,0,0,0,0,0,0,0,0,-62,0,0,0,0,0,-63,0,0,0,0,0,0,-62,0,0,0,0,0,0
5119,5119-AFT-W,0,-91,0,0,0,0,0,0,0,-92,0,0,0,0,0,0,-81,-92,0,0,0,0,0,0,0,0,0,0,0,0,-89,0,-93,0,0,-89,0,0,-92,0,0,0,-87,-93,0,0,-81,-85,-64,-67,-85,-79,-81,-63,-86,-64,-67,-84,-80,0,-64,-66,-84,-80,0,0,0,-63,0,0,-62,0,0,0,0,0,0,0,0,-62,0,0,0,0,0,-63,0,0,0,0,0,0,-62,0,0,0,0,0,0
5119,5119-AFT-S,0,-91,0,0,0,0,0,0,0,-92,0,0,0,0,0,0,-81,-92,0,0,0,0,0,0,0,0,0,0,0,0,-89,0,-93,0,0,-89,0,0,-92,0,0,0,-87,-93,0,0,-81,-85,-64,-67,-85,-79,-81,-63,-86,-64,-67,-84,-80,0,-64,-66,-84,-80,0,0,0,-63,0,0,-62,0,0,0,0,0,0,0,0,-62,0,0,0,0,0,-63,0,0,0,0,0,0,-62,0,0,0,0,0,0
5117,5117-AFT-S,0,-86,0,0,0,0,0,0,0,-86,0,0,0,0,0,0,-74,-86,0,0,0,0,0,0,0,0,0,0,0,0,0,0,-93,0,0,0,0,0,-92,0,-94,0,-85,-93,0,0,-75,-84,-62,-64,-79,-81,-75,-50,-84,-62,-61,-79,-81,0,-62,-63,-79,-80,0,0,0,-50,0,0,-62,0,0,0,-95,0,0,0,0,-62,0,0,0,0,0,-51,0,0,0,0,0,-94,-62,0,0,0,0,0,0
5117,5117-AFT-W,0,-86,0,0,0,0,0,0,0,-86,0,0,0,0,0,0,-74,-86,0,0,0,0,0,0,0,0,0,0,0,0,0,0,-93,0,0,0,0,0,-92,0,-94,0,-85,-93,0,0,-75,-84,-62,-64,-79,-81,-75,-50,-84,-62,-61,-79,-81,0,-62,-63,-79,-80,0,0,0,-50,0,0,-62,0,0,0,-95,0,0,0,0,-62,0,0,0,0,0,-51,0,0,0,0,0,-94,-62,0,0,0,0,0,0
5117,5117-AFT-N,0,-86,0,0,0,0,0,0,0,-86,0,0,0,0,0,0,-74,-86,0,0,0,0,0,0,0,0,0,0,0,0,0,0,-93,0,0,0,0,0,-92,0,-94,0,-85,-93,0,0,-75,-84,-62,-64,-79,-81,-75,-50,-84,-62,-61,-79,-81,0,-62,-63,-79,-80,0,0,0,-50,0,0,-62,0,0,0,-95,0,0,0,0,-62,0,0,0,0,0,-51,0,0,0,0,0,-94,-62,0,0,0,0,0,0
5117,5117-AFT-E,0,-86,0,0,0,0,0,0,0,-86,0,0,0,0,0,0,-74,-86,0,0,0,0,0,0,0,0,0,0,0,0,0,0,-93,0,0,0,0,0,-92,0,-94,0,-85,-93,0,0,-75,-84,-62,-64,-79,-81,-75,-50,-84,-62,-61,-79,-81,0,-62,-63,-79,-80,0,0,0,-50,0,0,-62,0,0,0,-95,0,0,0,0,-62,0,0,0,0,0,-51,0,0,0,0,0,-94,-62,0,0,0,0,0,0
5118,5118-AFT-N,0,-86,0,0,0,0,0,0,0,-86,0,0,0,0,0,0,-74,-86,0,0,0,0,0,0,0,0,0,0,0,0,0,0,-93,0,0,0,0,0,-92,0,-94,0,-85,-93,0,0,-75,-84,-62,-64,-79,-81,-75,-50,-84,-62,-61,-79,-81,0,-62,-63,-79,-80,0,0,0,-50,0,0,-62,0,0,0,-95,0,0,0,0,-62,0,0,0,0,0,-51,0,0,0,0,0,-94,-62,0,0,0,0,0,0
5118,5118-AFT-W,0,-84,0,0,0,0,0,0,0,-84,0,0,0,0,0,0,-75,-85,0,0,0,0,0,0,0,0,0,0,0,0,-92,-97,-88,0,0,-93,0,-96,-87,0,-94,-97,-79,-86,0,0,-75,-79,-63,-63,-79,-72,-74,-45,-80,-63,-62,-80,-72,0,-63,-63,-78,-71,0,0,0,-45,0,0,-61,0,0,0,-95,0,0,0,0,-61,0,0,0,-88,0,-45,0,0,0,0,0,-86,-46,0,0,0,0,0,0
5118,5118-AFT-E,0,-84,0,0,0,0,0,0,0,-84,0,0,0,0,0,0,-75,-85,0,0,0,0,0,0,0,0,0,0,0,0,-92,-97,-88,0,0,-93,0,-96,-87,0,-94,-97,-79,-86,0,0,-75,-79,-63,-63,-79,-72,-74,-45,-80,-63,-62,-80,-72,0,-63,-63,-78,-71,0,0,0,-45,0,0,-61,0,0,0,-95,0,0,0,0,-61,0,0,0,-88,0,-45,0,0,0,0,0,-86,-46,0,0,0,0,0,0
5118,5118-AFT-S,0,-84,0,0,0,0,0,0,0,-84,0,0,0,0,0,0,-75,-85,0,0,0,0,0,0,0,0,0,0,0,0,-92,-97,-88,0,0,-93,0,-96,-87,0,-94,-97,-79,-86,0,0,-75,-79,-63,-63,-79,-72,-74,-45,-80,-63,-62,-80,-72,0,-63,-63,-78,-71,0,0,0,-45,0,0,-61,0,0,0,-95,0,0,0,0,-61,0,0,0,-88,0,-45,0,0,0,0,0,-86,-46,0,0,0,0,0,0
5115-5117 ENTRANCE,5115-5117 ENTRANCE-AFT-N,0,-86,0,0,0,0,0,0,0,-85,0,0,0,0,0,0,-79,-85,0,0,0,0,0,0,0,0,0,0,0,0,-92,-97,-91,0,0,-93,0,-96,-91,0,0,-97,-86,-90,0,0,-79,-87,-67,-62,-82,-80,-78,-54,-86,-67,-63,-80,-81,0,-68,-62,-77,-81,0,0,0,-54,0,0,-51,0,0,0,-95,0,0,0,0,-51,0,0,0,-96,0,-54,0,0,0,0,0,-94,-51,0,0,0,0,0,0
5115-5117 ENTRANCE,5115-5117 ENTRANCE-AFT-W,0,-86,0,0,0,0,0,0,0,-85,0,0,0,0,0,0,-79,-85,0,0,0,0,0,0,0,0,0,0,0,0,-92,-97,-91,0,0,-93,0,-96,-91,0,0,-97,-86,-90,0,0,-79,-87,-67,-62,-82,-80,-78,-54,-86,-67,-63,-80,-81,0,-68,-62,-77,-81,0,0,0,-54,0,0,-51,0,0,0,-95,0,0,0,0,-51,0,0,0,-96,0,-54,0,0,0,0,0,-94,-51,0,0,0,0,0,0
5115-5117 ENTRANCE,5115-5117 ENTRANCE-AFT-S,0,-86,0,0,0,0,0,0,0,-85,0,0,0,0,0,0,-79,-85,0,0,0,0,0,0,0,0,0,0,0,0,-92,-97,-91,0,0,-93,0,-96,-91,0,0,-97,-86,-90,0,0,-79,-87,-67,-62,-82,-80,-78,-54,-86,-67,-63,-80,-81,0,-68,-62,-77,-81,0,0,0,-54,0,0,-51,0,0,0,-95,0,0,0,0,-51,0,0,0,-96,0,-54,0,0,0,0,0,-94,-51,0,0,0,0,0,0
5115-5117 ENTRANCE,5115-5117 ENTRANCE-AFT-E,0,-84,0,0,0,0,0,0,0,-83,0,0,0,0,0,0,-74,-83,0,0,0,0,0,0,0,0,0,0,0,0,0,0,-91,0,0,0,0,0,-91,0,0,0,-78,-90,0,0,-72,-78,-64,-62,-72,-75,-72,-51,-78,-64,-62,-71,-75,0,-64,-62,-72,-74,0,0,0,-51,0,0,-56,0,0,0,-85,0,0,0,0,-54,0,0,0,-86,0,-51,0,0,0,0,0,-94,-53,0,0,0,0,0,0
5503,5503-AFT-N,0,-84,0,0,0,0,0,0,0,-83,0,0,0,0,0,0,-74,-84,0,0,0,0,0,0,0,0,0,0,0,0,0,0,-87,0,0,-89,0,0,-88,0,-88,0,-75,-87,0,0,-72,-75,-72,-69,-68,-73,-72,-55,-76,-72,-69,-71,-75,0,-72,-69,-72,-71,0,0,0,-55,0,0,-55,0,0,0,-86,0,0,0,0,-55,0,0,0,-87,0,-55,0,0,0,0,0,-86,-55,0,0,0,0,0,0
5503,5503-AFT-W,0,-84,0,0,0,0,0,0,0,-83,0,0,0,0,0,0,-74,-84,0,0,0,0,0,0,0,0,0,0,0,0,0,0,-87,0,0,-89,0,0,-88,0,-88,0,-75,-87,0,0,-72,-75,-72,-69,-68,-73,-72,-55,-76,-72,-69,-71,-75,0,-72,-69,-72,-71,0,0,0,-55,0,0,-55,0,0,0,-86,0,0,0,0,-55,0,0,0,-87,0,-55,0,0,0,0,0,-86,-55,0,0,0,0,0,0
5503,5503-AFT-S,0,-84,0,0,0,0,0,0,0,-83,0,0,0,0,0,0,-74,-84,0,0,0,0,0,0,0,0,0,0,0,0,0,0,-87,0,0,-89,0,0,-88,0,-88,0,-75,-87,0,0,-72,-75,-72,-69,-68,-73,-72,-55,-76,-72,-69,-71,-75,0,-72,-69,-72,-71,0,0,0,-55,0,0,-55,0,0,0,-86,0,0,0,0,-55,0,0,0,-87,0,-55,0,0,0,0,0,-86,-55,0,0,0,0,0,0
5503,5503-AFT-E,0,-84,0,0,0,0,0,0,0,-83,0,0,0,0,0,0,-74,-84,0,0,0,0,0,0,0,0,0,0,0,0,0,0,-87,0,0,-89,0,0,-88,0,-88,0,-75,-87,0,0,-72,-75,-72,-69,-68,-73,-72,-55,-76,-72,-69,-71,-75,0,-72,-69,-72,-71,0,0,0,-55,0,0,-55,0,0,0,-86,0,0,0,0,-55,0,0,0,-87,0,-55,0,0,0,0,0,-86,-55,0,0,0,0,0,0
5503 STAIRS ENTRANCE,5503 STAIRS ENTRANCE-AFT-E,0,-77,0,0,0,0,0,0,0,-76,0,0,0,0,0,0,-63,-77,0,0,-80,0,0,0,0,0,-95,0,0,-96,-82,0,-87,0,0,-82,0,0,-81,0,-82,0,-82,-81,-88,0,-63,-84,-73,-72,-61,-77,-63,-57,-72,-73,-70,-62,-78,0,-72,-71,-62,-78,0,0,0,-58,0,0,-55,0,-94,0,-85,0,0,0,0,-55,0,0,0,-86,0,-57,0,0,0,0,0,-84,-55,0,0,0,0,0,0
5503 STAIRS ENTRANCE,5503 STAIRS ENTRANCE-AFT-N,0,-77,0,0,0,0,0,0,0,-76,0,0,0,0,0,0,-63,-77,0,0,-80,0,0,0,0,0,-95,0,0,-96,-82,0,-87,0,0,-82,0,0,-81,0,-82,0,-82,-81,-88,0,-63,-84,-73,-72,-61,-77,-63,-57,-72,-73,-70,-62,-78,0,-72,-71,-62,-78,0,0,0,-58,0,0,-55,0,-94,0,-85,0,0,0,0,-55,0,0,0,-86,0,-57,0,0,0,0,0,-84,-55,0,0,0,0,0,0
5503 STAIRS ENTRANCE,5503 STAIRS ENTRANCE-AFT-W,0,-77,0,0,0,0,0,0,0,-76,0,0,0,0,0,0,-63,-77,0,0,-80,0,0,0,0,0,-95,0,0,-96,-82,0,-87,0,0,-82,0,0,-81,0,-82,0,-82,-81,-88,0,-63,-84,-73,-72,-61,-77,-63,-57,-72,-73,-70,-62,-78,0,-72,-71,-62,-78,0,0,0,-58,0,0,-55,0,-94,0,-85,0,0,0,0,-55,0,0,0,-86,0,-57,0,0,0,0,0,-84,-55,0,0,0,0,0,0
ELEVATOR FIRE EXTINGUISHER,ELEVATOR FIRE EXTINGUISHER-AFT-N,0,-78,0,0,0,0,0,-96,0,-78,-92,0,0,0,0,-95,-55,-77,0,0,-80,0,0,-96,0,0,-95,0,0,-96,-75,0,-72,0,0,-75,0,0,-71,0,-82,0,-85,-72,-88,0,-54,-86,-79,-82,-50,-80,-55,-57,-85,-78,-80,-50,-80,0,-79,-80,-50,-79,0,0,0,-72,0,0,-70,0,-94,0,-96,0,-94,0,0,-72,0,0,0,-94,0,-57,0,0,0,0,0,-95,-70,0,0,0,0,0,0
ELEVATOR FIRE EXTINGUISHER,ELEVATOR FIRE EXTINGUISHER-AFT-W,0,-78,0,0,0,0,0,-96,0,-78,-92,0,0,0,0,-95,-55,-77,0,0,-80,0,0,-96,0,0,-95,0,0,-96,-75,0,-72,0,0,-75,0,0,-71,0,-82,0,-85,-72,-88,0,-54,-86,-79,-82,-50,-80,-55,-57,-85,-78,-80,-50,-80,0,-79,-80,-50,-79,0,0,0,-72,0,0,-70,0,-94,0,-96,0,-94,0,0,-72,0,0,0,-94,0,-57,0,0,0,0,0,-95,-70,0,0,0,0,0,0
ELEVATOR FIRE EXTINGUISHER,ELEVATOR FIRE EXTINGUISHER-AFT-S,0,-78,0,0,0,0,0,-96,0,-78,-92,0,0,0,0,-95,-55,-77,0,0,-80,0,0,-96,0,0,-95,0,0,-96,-75,0,-72,0,0,-75,0,0,-71,0,-82,0,-85,-72,-88,0,-54,-86,-79,-82,-50,-80,-55,-57,-85,-78,-80,-50,-80,0,-79,-80,-50,-79,0,0,0,-72,0,0,-70,0,-94,0,-96,0,-94,0,0,-72,0,0,0,-94,0,-57,0,0,0,0,0,-95,-70,0,0,0,0,0,0
ELEVATOR FIRE EXTINGUISHER,ELEVATOR FIRE EXTINGUISHER-AFT-E,0,-78,0,0,0,0,0,-96,0,-78,-92,0,0,0,0,-95,-55,-77,0,0,-80,0,0,-96,0,0,-95,0,0,-96,-75,0,-72,0,0,-75,0,0,-71,0,-82,0,-85,-72,-88,0,-54,-86,-79,-82,-50,-80,-55,-57,-85,-78,-80,-50,-80,0,-79,-80,-50,-79,0,0,0,-72,0,0,-70,0,-94,0,-96,0,-94,0,0,-72,0,0,0,-94,0,-57,0,0,0,0,0,-95,-70,0,0,0,0,0,0
5360,5360-AFT-N,0,-74,0,0,0,0,0,-92,0,-73,-92,0,0,0,0,-93,-49,-74,0,0,0,0,0,-93,0,0,-88,0,-87,-88,-75,-92,-72,0,0,-74,0,-93,-73,0,-74,-95,-89,-73,0,0,-49,-90,-80,-82,-53,-80,-50,-71,-92,-81,-80,-53,-80,0,-81,-81,-53,-79,0,0,0,-71,0,0,-70,0,0,0,-96,0,-94,0,0,-72,0,0,0,-94,0,-71,0,0,0,0,0,-95,-70,0,0,0,0,0,0
5360,5360-AFT-W,0,-74,0,0,0,0,0,-92,0,-73,-92,0,0,0,0,-93,-49,-74,0,0,0,0,0,-93,0,0,-88,0,-87,-88,-75,-92,-72,0,0,-74,0,-93,-73,0,-74,-95,-89,-73,0,0,-49,-90,-80,-82,-53,-80,-50,-71,-92,-81,-80,-53,-80,0,-81,-81,-53,-79,0,0,0,-71,0,0,-70,0,0,0,-96,0,-94,0,0,-72,0,0,0,-94,0,-71,0,0,0,0,0,-95,-70,0,0,0,0,0,0
5360,5360-AFT-S,0,-74,0,0,0,0,0,-92,0,-73,-92,0,0,0,0,-93,-49,-74,0,0,0,0,0,-93,0,0,-88,0,-87,-88,-75,-92,-72,0,0,-74,0,-93,-73,0,-74,-95,-89,-73,0,0,-49,-90,-80,-82,-53,-80,-50,-71,-92,-81,-80,-53,-80,0,-81,-81,-53,-79,0,0,0,-71,0,0,-70,0,0,0,-96,0,-94,0,0,-72,0,0,0,-94,0,-71,0,0,0,0,0,-95,-70,0,0,0,0,0,0
5360,5360-AFT-E,0,-74,0,0,0,0,0,-92,0,-73,-92,0,0,0,0,-93,-49,-74,0,0,0,0,0,-93,0,0,-88,0,-87,-88,-75,-92,-72,0,0,-74,0,-93,-73,0,-74,-95,-89,-73,0,0,-49,-90,-80,-82,-53,-80,-50,-71,-92,-81,-80,-53,-80,0,-81,-81,-53,-79,0,0,0,-71,0,0,-70,0,0,0,-96,0,-94,0,0,-72,0,0,0,-94,0,-71,0,0,0,0,0,-95,-70,0,0,0,0,0,0
ELEVATOR 1,ELEVATOR 1-AFT-E,0,-77,-94,0,-76,0,0,-96,0,-77,0,0,-76,0,0,-95,-60,-76,0,0,0,0,0,-95,0,0,-92,0,-92,-88,-72,-85,-70,0,0,-72,0,-85,-71,0,-72,-85,-89,-70,0,0,-61,-90,-85,-80,-63,-80,-60,-75,-92,-85,-81,-64,-80,0,-85,-80,-64,-79,0,0,0,-76,-88,-91,-75,0,0,0,0,0,-88,0,0,-75,0,0,0,0,0,-76,-87,-91,0,0,0,0,-74,0,0,0,0,0,0
ELEVATOR 1,ELEVATOR 1-AFT-N,0,-77,-94,0,-76,0,0,-96,0,-77,0,0,-76,0,0,-95,-60,-76,0,0,0,0,0,-95,0,0,-92,0,-92,-88,-72,-85,-70,0,0,-72,0,-85,-71,0,-72,-85,-89,-70,0,0,-61,-90,-85,-80,-63,-80,-60,-75,-92,-85,-81,-64,-80,0,-85,-80,-64,-79,0,0,0,-76,-88,-91,-75,0,0,0,0,0,-88,0,0,-75,0,0,0,0,0,-76,-87,-91,0,0,0,0,-74,0,0,0,0,0,0
ELEVATOR 1,ELEVATOR 1-AFT-W,0,-77,-94,0,-76,0,0,-96,0,-77,0,0,-76,0,0,-95,-60,-76,0,0,0,0,0,-95,0,0,-92,0,-92,-88,-72,-85,-70,0,0,-72,0,-85,-71,0,-72,-85,-89,-70,0,0,-61,-90,-85,-80,-63,-80,-60,-75,-92,-85,-81,-64,-80,0,-85,-80,-64,-79,0,0,0,-76,-88,-91,-75,0,0,0,0,0,-88,0,0,-75,0,0,0,0,0,-76,-87,-91,0,0,0,0,-74,0,0,0,0,0,0
ELEVATOR 1,ELEVATOR 1-AFT-S,0,-77,-94,0,-76,0,0,-96,0,-77,0,0,-76,0,0,-95,-60,-76,0,0,0,0,0,-95,0,0,-92,0,-92,-88,-72,-85,-70,0,0,-72,0,-85,-71,0,-72,-85,-89,-70,0,0,-61,-90,-85,-80,-63,-80,-60,-75,-92,-85,-81,-64,-80,0,-85,-80,-64,-79,0,0,0,-76,-88,-91,-75,0,0,0,0,0,-88,0,0,-75,0,0,0,0,0,-76,-87,-91,0,0,0,0,-74,0,0,0,0,0,0
ELEVATOR 2,ELEVATOR 2-AFT-S,0,-77,-94,0,-76,0,0,-96,0,-77,0,0,-76,0,0,-95,-60,-76,0,0,0,0,0,-95,0,0,-92,0,-92,-88,-72,-85,-70,0,0,-72,0,-85,-71,0,-72,-85,-89,-70,0,0,-61,-90,-85,-80,-63,-80,-60,-75,-92,-85,-81,-64,-80,0,-85,-80,-64,-79,0,0,0,-76,-88,-91,-75,0,0,0,0,0,-88,0,0,-75,0,0,0,0,0,-76,-87,-91,0,0,0,0,-74,0,0,0,0,0,0
ELEVATOR 2,ELEVATOR 2-AFT-W,0,-77,-94,0,-76,0,0,-96,0,-77,0,0,-76,0,0,-95,-60,-76,0,0,0,0,0,-95,0,0,-92,0,-92,-88,-72,-85,-70,0,0,-72,0,-85,-71,0,-72,-85,-89,-70,0,0,-61,-90,-85,-80,-63,-80,-60,-75,-92,-85,-81,-64,-80,0,-85,-80,-64,-79,0,0,0,-76,-88,-91,-75,0,0,0,0,0,-88,0,0,-75,0,0,0,0,0,-76,-87,-91,0,0,0,0,-74,0,0,0,0,0,0
ELEVATOR 2,ELEVATOR 2-AFT-N,0,-77,-94,0,-76,0,0,-96,0,-77,0,0,-76,0,0,-95,-60,-76,0,0,0,0,0,-95,0,0,-92,0,-92,-88,-72,-85,-70,0,0,-72,0,-85,-71,0,-72,-85,-89,-70,0,0,-61,-90,-85,-80,-63,-80,-60,-75,-92,-85,-81,-64,-80,0,-85,-80,-64,-79,0,0,0,-76,-88,-91,-75,0,0,0,0,0,-88,0,0,-75,0,0,0,0,0,-76,-87,-91,0,0,0,0,-74,0,0,0,0,0,0
ELEVATOR 2,ELEVATOR 2-AFT-E,0,-77,-94,0,-76,0,0,-96,0,-77,0,0,-76,0,0,-95,-60,-76,0,0,0,0,0,-95,0,0,-92,0,-92,-88,-72,-85,-70,0,0,-72,0,-85,-71,0,-72,-85,-89,-70,0,0,-61,-90,-85,-80,-63,-80,-60,-75,-92,-85,-81,-64,-80,0,-85,-80,-64,-79,0,0,0,-76,-88,-91,-75,0,0,0,0,0,-88,0,0,-75,0,0,0,0,0,-76,-87,-91,0,0,0,0,-74,0,0,0,0,0,0
ELEVATOR 3,ELEVATOR 3-AFT-N,0,-82,-94,0,-76,0,0,-96,0,-79,0,-94,-76,0,0,-95,-68,-81,0,0,0,0,0,-95,0,0,-92,0,-92,0,-71,-89,-70,0,0,-69,0,-90,-68,0,-69,-90,-77,-69,-82,0,-67,-77,-86,-85,-64,-75,-69,-81,-77,-84,-88,-64,-77,0,-86,-86,-62,-77,0,0,0,-82,-88,-84,-80,0,-90,-79,-84,0,-87,0,-89,-80,0,0,-87,-83,0,-81,-88,-91,0,0,-88,-83,-76,0,0,0,0,0,0
ELEVATOR 3,ELEVATOR 3-AFT-E,0,-82,-94,0,-76,0,0,-96,0,-79,0,-94,-76,0,0,-95,-68,-81,0,0,0,0,0,-95,0,0,-92,0,-92,0,-71,-89,-70,0,0,-69,0,-90,-68,0,-69,-90,-77,-69,-82,0,-67,-77,-86,-85,-64,-75,-69,-81,-77,-84,-88,-64,-77,0,-86,-86,-62,-77,0,0,0,-82,-88,-84,-80,0,-90,-79,-84,0,-87,0,-89,-80,0,0,-87,-83,0,-81,-88,-91,0,0,-88,-83,-76,0,0,0,0,0,0
ELEVATOR 3,ELEVATOR 3-AFT-S,0,-82,-94,0,-76,0,0,-96,0,-79,0,-94,-76,0,0,-95,-68,-81,0,0,0,0,0,-95,0,0,-92,0,-92,0,-71,-89,-70,0,0,-69,0,-90,-68,0,-69,-90,-77,-69,-82,0,-67,-77,-86,-85,-64,-75,-69,-81,-77,-84,-88,-64,-77,0,-86,-86,-62,-77,0,0,0,-82,-88,-84,-80,0,-90,-79,-84,0,-87,0,-89,-80,0,0,-87,-83,0,-81,-88,-91,0,0,-88,-83,-76,0,0,0,0,0,0
ELEVATOR 3,ELEVATOR 3-AFT-W,0,-82,-94,0,-76,0,0,-96,0,-79,0,-94,-76,0,0,-95,-68,-81,0,0,0,0,0,-95,0,0,-92,0,-92,0,-71,-89,-70,0,0,-69,0,-90,-68,0,-69,-90,-77,-69,-82,0,-67,-77,-86,-85,-64,-75,-69,-81,-77,-84,-88,-64,-77,0,-86,-86,-62,-77,0,0,0,-82,-88,-84,-80,0,-90,-79,-84,0,-87,0,-89,-80,0,0,-87,-83,0,-81,-88,-91,0,0,-88,-83,-76,0,0,0,0,0,0
5100,5100-AFT-W,0,-82,-94,0,-76,0,0,-96,0,-79,0,-94,-76,0,0,-95,-68,-81,0,0,0,0,0,-95,0,0,-92,0,-92,0,-71,-89,-70,0,0,-69,0,-90,-68,0,-69,-90,-77,-69,-82,0,-67,-77,-86,-85,-64,-75,-69,-81,-77,-84,-88,-64,-77,0,-86,-86,-62,-77,0,0,0,-82,-88,-84,-80,0,-90,-79,-84,0,-87,0,-89,-80,0,0,-87,-83,0,-81,-88,-91,0,0,-88,-83,-76,0,0,0,0,0,0
5100,5100-AFT-N,0,-82,-94,0,-76,0,0,-96,0,-79,0,-94,-76,0,0,-95,-68,-81,0,0,0,0,0,-95,0,0,-92,0,-92,0,-71,-89,-70,0,0,-69,0,-90,-68,0,-69,-90,-77,-69,-82,0,-67,-77,-86,-85,-64,-75,-69,-81,-77,-84,-88,-64,-77,0,-86,-86,-62,-77,0,0,0,-82,-88,-84,-80,0,-90,-79,-84,0,-87,0,-89,-80,0,0,-87,-83,0,-81,-88,-91,0,0,-88,-83,-76,0,0,0,0,0,0
5100,5100-AFT-E,0,-82,-94,0,-76,0,0,-96,0,-79,0,-94,-76,0,0,-95,-68,-81,0,0,0,0,0,-95,0,0,-92,0,-92,0,-71,-89,-70,0,0,-69,0,-90,-68,0,-69,-90,-77,-69,-82,0,-67,-77,-86,-85,-64,-75,-69,-81,-77,-84,-88,-64,-77,0,-86,-86,-62,-77,0,0,0,-82,-88,-84,-80,0,-90,-79,-84,0,-87,0,-89,-80,0,0,-87,-83,0,-81,-88,-91,0,0,-88,-83,-76,0,0,0,0,0,0
5100,5100-AFT-S,0,-82,-94,0,-76,0,0,-96,0,-79,0,-94,-76,0,0,-95,-68,-81,0,0,0,0,0,-95,0,0,-92,0,-92,0,-71,-89,-70,0,0,-69,0,-90,-68,0,-69,-90,-77,-69,-82,0,-67,-77,-86,-85,-64,-75,-69,-81,-77,-84,-88,-64,-77,0,-86,-86,-62,-77,0,0,0,-82,-88,-84,-80,0,-90,-79,-84,0,-87,0,-89,-80,0,0,-87,-83,0,-81,-88,-91,0,0,-88,-83,-76,0,0,0,0,0,0
5201,5201-AFT-N,-74,-82,-75,0,-83,-79,0,0,-73,-89,0,-75,0,-79,0,0,-73,-89,-73,0,-83,-79,0,0,-75,-77,0,-78,0,0,-53,-68,-45,0,0,-53,-78,-68,-48,0,-53,-69,-64,-47,-82,0,-72,-65,-80,-72,-76,-68,-74,-90,-65,-80,-84,-75,-68,0,-80,-84,-76,-68,0,0,0,-90,-88,-84,-88,0,-90,-79,-84,0,-87,0,-89,-80,0,0,-87,-83,0,-91,-88,0,0,0,-88,-83,-76,0,0,0,0,0,0
5201,5201-AFT-E,-74,-82,-75,0,-83,-79,0,0,-73,-89,0,-75,0,-79,0,0,-73,-89,-73,0,-83,-79,0,0,-75,-77,0,-78,0,0,-53,-68,-45,0,0,-53,-78,-68,-48,0,-53,-69,-64,-47,-82,0,-72,-65,-80,-72,-76,-68,-74,-90,-65,-80,-84,-75,-68,0,-80,-84,-76,-68,0,0,0,-90,-88,-84,-88,0,-90,-79,-84,0,-87,0,-89,-80,0,0,-87,-83,0,-91,-88,0,0,0,-88,-83,-76,0,0,0,0,0,0
5201,5201-AFT-S,-74,-82,-75,0,-83,-79,0,0,-73,-89,0,-75,0,-79,0,0,-73,-89,-73,0,-83,-79,0,0,-75,-77,0,-78,0,0,-53,-68,-45,0,0,-53,-78,-68,-48,0,-53,-69,-64,-47,-82,0,-72,-65,-80,-72,-76,-68,-74,-90,-65,-80,-84,-75,-68,0,-80,-84,-76,-68,0,0,0,-90,-88,-84,-88,0,-90,-79,-84,0,-87,0,-89,-80,0,0,-87,-83,0,-91,-88,0,0,0,-88,-83,-76,0,0,0,0,0,0
5201,5201-AFT-W,-73,-82,-69,0,-82,-73,0,0,-77,-80,0,-69,-81,-73,0,0,-76,-81,-70,0,-83,-72,0,0,-75,-72,0,-72,0,0,-44,-72,-45,0,0,-43,-72,-72,-45,-83,-44,-71,-73,-44,0,0,-76,-72,-79,-81,-86,-65,-76,-88,-74,-79,-82,-85,-64,0,-79,-81,-85,-65,0,0,0,-89,0,0,-85,0,0,0,0,0,0,0,0,0,0,0,0,0,0,-90,0,0,0,0,0,0,-87,0,0,0,0,0,0
5302,5302-AFT-N,-73,-82,-69,0,-82,-73,0,0,-77,-80,0,-69,-81,-73,0,0,-76,-81,-70,0,-83,-72,0,0,-75,-72,0,-72,0,0,-44,-72,-45,0,0,-43,-72,-72,-45,-83,-44,-71,-73,-44,0,0,-76,-72,-79,-81,-86,-65,-76,-88,-74,-79,-82,-85,-64,0,-79,-81,-85,-65,0,0,0,-89,0,0,-85,0,0,0,0,0,0,0,0,0,0,0,0,0,0,-90,0,0,0,0,0,0,-87,0,0,0,0,0,0
5302,5302-AFT-W,-73,-82,-69,0,-82,-73,0,0,-77,-80,0,-69,-81,-73,0,0,-76,-81,-70,0,-83,-72,0,0,-75,-72,0,-72,0,0,-44,-72,-45,0,0,-43,-72,-72,-45,-83,-44,-71,-73,-44,0,0,-76,-72,-79,-81,-86,-65,-76,-88,-74,-79,-82,-85,-64,0,-79,-81,-85,-65,0,0,0,-89,0,0,-85,0,0,0,0,0,0,0,0,0,0,0,0,0,0,-90,0,0,0,0,0,0,-87,0,0,0,0,0,0
5302,5302-AFT-S,-73,-82,-69,0,-82,-73,0,0,-77,-80,0,-69,-81,-73,0,0,-76,-81,-70,0,-83,-72,0,0,-75,-72,0,-72,0,0,-44,-72,-45,0,0,-43,-72,-72,-45,-83,-44,-71,-73,-44,0,0,-76,-72,-79,-81,-86,-65,-76,-88,-74,-79,-82,-85,-64,0,-79,-81,-85,-65,0,0,0,-89,0,0,-85,0,0,0,0,0,0,0,0,0,0,0,0,0,0,-90,0,0,0,0,0,0,-87,0,0,0,0,0,0
5302,5302-AFT-E,-73,-82,-69,0,-82,-73,0,0,-77,-80,0,-69,-81,-73,0,0,-76,-81,-70,0,-83,-72,0,0,-75,-72,0,-72,0,0,-44,-72,-45,0,0,-43,-72,-72,-45,-83,-44,-71,-73,-44,0,0,-76,-72,-79,-81,-86,-65,-76,-88,-74,-79,-82,-85,-64,0,-79,-81,-85,-65,0,0,0,-89,0,0,-85,0,0,0,0,0,0,0,0,0,0,0,0,0,0,-90,0,0,0,0,0,0,-87,0,0,0,0,0,0
5303,5303-AFT-N,-73,-82,-69,0,-82,-73,0,0,-77,-80,0,-69,-81,-73,0,0,-76,-81,-70,0,-83,-72,0,0,-75,-72,0,-72,0,0,-44,-72,-45,0,0,-43,-72,-72,-45,-83,-44,-71,-73,-44,0,0,-76,-72,-79,-81,-86,-65,-76,-88,-74,-79,-82,-85,-64,0,-79,-81,-85,-65,0,0,0,-89,0,0,-85,0,0,0,0,0,0,0,0,0,0,0,0,0,0,-90,0,0,0,0,0,0,-87,0,0,0,0,0,0
5303,5303-AFT-W,-73,-82,-69,0,-82,-73,0,0,-77,-80,0,-69,-81,-73,0,0,-76,-81,-70,0,-83,-72,0,0,-75,-72,0,-72,0,0,-44,-72,-45,0,0,-43,-72,-72,-45,-83,-44,-71,-73,-44,0,0,-76,-72,-79,-81,-86,-65,-76,-88,-74,-79,-82,-85,-64,0,-79,-81,-85,-65,0,0,0,-89,0,0,-85,0,0,0,0,0,0,0,0,0,0,0,0,0,0,-90,0,0,0,0,0,0,-87,0,0,0,0,0,0
5303,5303-AFT-S,-73,-71,-75,0,-82,-79,0,0,-77,-77,0,-75,-81,-79,0,0,-76,-77,-76,0,0,-78,0,0,-75,-76,0,-75,0,0,-55,-76,-55,-68,0,-56,-75,-76,-55,-71,-56,-76,-82,-55,0,0,-76,-83,-90,-92,-77,-78,-77,-88,-82,-91,-82,-78,-77,0,-90,-90,-76,-75,0,0,0,-89,0,0,-85,0,0,0,0,0,0,0,0,0,0,0,-90,0,0,-90,0,0,0,0,0,0,-87,0,0,0,0,0,0
5303,5303-AFT-E,-73,-71,-75,0,-82,-79,0,0,-77,-77,0,-75,-81,-79,0,0,-76,-77,-76,0,0,-78,0,0,-75,-76,0,-75,0,0,-55,-76,-55,-68,0,-56,-75,-76,-55,-71,-56,-76,-82,-55,0,0,-76,-83,-90,-92,-77,-78,-77,-88,-82,-91,-82,-78,-77,0,-90,-90,-76,-75,0,0,0,-89,0,0,-85,0,0,0,0,0,0,0,0,0,0,0,-90,0,0,-90,0,0,0,0,0,0,-87,0,0,0,0,0,0
5304,5304-AFT-N,-73,-71,-75,0,-82,-79,0,0,-77,-77,0,-75,-81,-79,0,0,-76,-77,-76,0,0,-78,0,0,-75,-76,0,-75,0,0,-55,-76,-55,-68,0,-56,-75,-76,-55,-71,-56,-76,-82,-55,0,0,-76,-83,-90,-92,-77,-78,-77,-88,-82,-91,-82,-78,-77,0,-90,-90,-76,-75,0,0,0,-89,0,0,-85,0,0,0,0,0,0,0,0,0,0,0,-90,0,0,-90,0,0,0,0,0,0,-87,0,0,0,0,0,0
5304,5304-AFT-W,-73,-71,-75,0,-82,-79,0,0,-77,-77,0,-75,-81,-79,0,0,-76,-77,-76,0,0,-78,0,0,-75,-76,0,-75,0,0,-55,-76,-55,-68,0,-56,-75,-76,-55,-71,-56,-76,-82,-55,0,0,-76,-83,-90,-92,-77,-78,-77,-88,-82,-91,-82,-78,-77,0,-90,-90,-76,-75,0,0,0,-89,0,0,-85,0,0,0,0,0,0,0,0,0,0,0,-90,0,0,-90,0,0,0,0,0,0,-87,0,0,0,0,0,0
5304,5304-AFT-S,-73,-71,-75,0,-82,-79,0,0,-77,-77,0,-75,-81,-79,0,0,-76,-77,-76,0,0,-78,0,0,-75,-76,0,-75,0,0,-55,-76,-55,-68,0,-56,-75,-76,-55,-71,-56,-76,-82,-55,0,0,-76,-83,-90,-92,-77,-78,-77,-88,-82,-91,-82,-78,-77,0,-90,-90,-76,-75,0,0,0,-89,0,0,-85,0,0,0,0,0,0,0,0,0,0,0,-90,0,0,-90,0,0,0,0,0,0,-87,0,0,0,0,0,0
5304,5304-AFT-E,-73,-71,-75,0,-82,-79,0,0,-77,-77,0,-75,-81,-79,0,0,-76,-77,-76,0,0,-78,0,0,-75,-76,0,-75,0,0,-55,-76,-55,-68,0,-56,-75,-76,-55,-71,-56,-76,-82,-55,0,0,-76,-83,-90,-92,-77,-78,-77,-88,-82,-91,-82,-78,-77,0,-90,-90,-76,-75,0,0,0,-89,0,0,-85,0,0,0,0,0,0,0,0,0,0,0,-90,0,0,-90,0,0,0,0,0,0,-87,0,0,0,0,0,0
5305,5305-AFT-N,-73,-71,-75,0,-82,-79,0,0,-77,-77,0,-75,-81,-79,0,0,-76,-77,-76,0,0,-78,0,0,-75,-76,0,-75,0,0,-55,-76,-55,-68,0,-56,-75,-76,-55,-71,-56,-76,-82,-55,0,0,-76,-83,-90,-92,-77,-78,-77,-88,-82,-91,-82,-78,-77,0,-90,-90,-76,-75,0,0,0,-89,0,0,-85,0,0,0,0,0,0,0,0,0,0,0,-90,0,0,-90,0,0,0,0,0,0,-87,0,0,0,0,0,0
5305,5305-AFT-W,-73,-71,-75,0,-82,-79,0,0,-77,-77,0,-75,-81,-79,0,0,-76,-77,-76,0,0,-78,0,0,-75,-76,0,-75,0,0,-55,-76,-55,-68,0,-56,-75,-76,-55,-71,-56,-76,-82,-55,0,0,-76,-83,-90,-92,-77,-78,-77,-88,-82,-91,-82,-78,-77,0,-90,-90,-76,-75,0,0,0,-89,0,0,-85,0,0,0,0,0,0,0,0,0,0,0,-90,0,0,-90,0,0,0,0,0,0,-87,0,0,0,0,0,0
5305,5305-AFT-S,-73,-71,-75,0,-82,-79,0,0,-77,-77,0,-75,-81,-79,0,0,-76,-77,-76,0,0,-78,0,0,-75,-76,0,-75,0,0,-55,-76,-55,-68,0,-56,-75,-76,-55,-71,-56,-76,-82,-55,0,0,-76,-83,-90,-92,-77,-78,-77,-88,-82,-91,-82,-78,-77,0,-90,-90,-76,-75,0,0,0,-89,0,0,-85,0,0,0,0,0,0,0,0,0,0,0,-90,0,0,-90,0,0,0,0,0,0,-87,0,0,0,0,0,0
5305,5305-AFT-E,-73,-71,-75,0,-82,-79,0,0,-77,-77,0,-75,-81,-79,0,0,-76,-77,-76,0,0,-78,0,0,-75,-76,0,-75,0,0,-55,-76,-55,-68,0,-56,-75,-76,-55,-71,-56,-76,-82,-55,0,0,-76,-83,-90,-92,-77,-78,-77,-88,-82,-91,-82,-78,-77,0,-90,-90,-76,-75,0,0,0,-89,0,0,-85,0,0,0,0,0,0,0,0,0,0,0,-90,0,0,-90,0,0,0,0,0,0,-87,0,0,0,0,0,0
5306,5306-AFT-N,-78,-74,-71,-95,-73,-74,0,0,-78,-73,0,-71,0,-74,0,0,-85,-75,-71,0,-74,-74,0,0,-78,-71,-97,-71,-97,-96,-62,-57,-54,-68,0,-61,-71,-57,-54,-58,-62,-57,-79,-54,0,0,-77,-79,-88,-83,-85,-70,-77,-95,-79,-89,-85,-87,-71,0,-89,-90,-85,-70,0,0,0,-95,0,0,0,0,0,0,0,0,0,0,0,0,0,0,-90,0,0,-95,0,0,0,0,0,0,0,0,0,0,0,0,0
5306,5306-AFT-W,-78,-74,-71,-95,-73,-74,0,0,-78,-73,0,-71,0,-74,0,0,-85,-75,-71,0,-74,-74,0,0,-78,-71,-97,-71,-97,-96,-62,-57,-54,-68,0,-61,-71,-57,-54,-58,-62,-57,-79,-54,0,0,-77,-79,-88,-83,-85,-70,-77,-95,-79,-89,-85,-87,-71,0,-89,-90,-85,-70,0,0,0,-95,0,0,0,0,0,0,0,0,0,0,0,0,0,0,-90,0,0,-95,0,0,0,0,0,0,0,0,0,0,0,0,0
5306,5306-AFT-S,-78,-74,-71,-95,-73,-74,0,0,-78,-73,0,-71,0,-74,0,0,-85,-75,-71,0,-74,-74,0,0,-78,-71,-97,-71,-97,-96,-62,-57,-54,-68,0,-61,-71,-57,-54,-58,-62,-57,-79,-54,0,0,-77,-79,-88,-83,-85,-70,-77,-95,-79,-89,-85,-87,-71,0,-89,-90,-85,-70,0,0,0,-95,0,0,0,0,0,0,0,0,0,0,0,0,0,0,-90,0,0,-95,0,0,0,0,0,0,0,0,0,0,0,0,0
5306,5306-AFT-E,-78,-74,-71,-95,-73,-74,0,0,-78,-73,0,-71,0,-74,0,0,-85,-75,-71,0,-74,-74,0,0,-78,-71,-97,-71,-97,-96,-62,-57,-54,-68,0,-61,-71,-57,-54,-58,-62,-57,-79,-54,0,0,-77,-79,-88,-83,-85,-70,-77,-95,-79,-89,-85,-87,-71,0,-89,-90,-85,-70,0,0,0,-95,0,0,0,0,0,0,0,0,0,0,0,0,0,0,-90,0,0,-95,0,0,0,0,0,0,0,0,0,0,0,0,0
5307,5307-AFT-E,-78,-74,-71,-95,-73,-74,0,0,-78,-73,0,-71,0,-74,0,0,-85,-75,-71,0,-74,-74,0,0,-78,-71,-97,-71,-97,-96,-62,-57,-54,-68,0,-61,-71,-57,-54,-58,-62,-57,-79,-54,0,0,-77,-79,-88,-83,-85,-70,-77,-95,-79,-89,-85,-87,-71,0,-89,-90,-85,-70,0,0,0,-95,0,0,0,0,0,0,0,0,0,0,0,0,0,0,-90,0,0,-95,0,0,0,0,0,0,0,0,0,0,0,0,0
5307,5307-AFT-N,-78,-74,-71,-95,-73,-74,0,0,-78,-73,0,-71,0,-74,0,0,-85,-75,-71,0,-74,-74,0,0,-78,-71,-97,-71,-97,-96,-62,-57,-54,-68,0,-61,-71,-57,-54,-58,-62,-57,-79,-54,0,0,-77,-79,-88,-83,-85,-70,-77,-95,-79,-89,-85,-87,-71,0,-89,-90,-85,-70,0,0,0,-95,0,0,0,0,0,0,0,0,0,0,0,0,0,0,-90,0,0,-95,0,0,0,0,0,0,0,0,0,0,0,0,0
5307,5307-AFT-W,-78,-74,-71,-95,-73,-71,-93,0,-78,-73,0,-71,0,-71,0,0,-85,-75,-71,0,-74,-70,0,0,-78,-71,-97,-71,-97,-96,-62,-57,-54,-49,0,-61,-71,-57,-54,-51,-62,-57,-79,-54,-49,0,-77,-79,-88,-83,-87,-76,-77,-95,-79,-89,-85,-83,-77,0,-89,-90,-84,-75,0,0,0,-95,0,0,0,0,0,0,0,0,0,0,0,0,0,0,0,0,0,-95,0,0,0,0,0,0,0,0,0,0,0,0,0
5307,5307-AFT-S,-71,-76,-68,-95,-73,-71,-93,0,-72,-75,0,-69,0,-71,0,0,-87,-76,-69,0,-74,-70,0,0,-73,-68,-97,-68,-97,-96,-64,-59,-59,-49,0,-63,-68,-59,-60,-51,-64,-59,-73,-60,-49,0,-87,-72,-88,-83,-87,-76,-87,-95,-74,-89,-88,-83,-77,0,-88,0,-84,-75,0,0,0,-95,0,0,0,0,0,0,0,0,0,0,0,0,0,0,0,0,0,-95,0,0,0,0,0,0,0,0,0,0,0,0,0
5308,5308-AFT-N,-71,-76,-68,-95,-73,-71,-93,0,-72,-75,0,-69,0,-71,0,0,-87,-76,-69,0,-74,-70,0,0,-73,-68,-97,-68,-97,-96,-64,-59,-59,-49,0,-63,-68,-59,-60,-51,-64,-59,-73,-60,-49,0,-87,-72,-88,-83,-87,-76,-87,-95,-74,-89,-88,-83,-77,0,-88,0,-84,-75,0,0,0,-95,0,0,0,0,0,0,0,0,0,0,0,0,0,0,0,0,0,-95,0,0,0,0,0,0,0,0,0,0,0,0,0
5308,5308-AFT-W,-71,-76,-68,-95,-73,-71,-93,0,-72,-75,0,-69,0,-71,0,0,-87,-76,-69,0,-74,-70,0,0,-73,-68,-97,-68,-97,-96,-64,-59,-59,-49,0,-63,-68,-59,-60,-51,-64,-59,-73,-60,-49,0,-87,-72,-88,-83,-87,-76,-87,-95,-74,-89,-88,-83,-77,0,-88,0,-84,-75,0,0,0,-95,0,0,0,0,0,0,0,0,0,0,0,0,0,0,0,0,0,-95,0,0,0,0,0,0,0,0,0,0,0,0,0
5308,5308-AFT-S,-71,-76,-68,-95,-73,-71,-93,0,-72,-75,0,-69,0,-71,0,0,-87,-76,-69,0,-74,-70,0,0,-73,-68,-97,-68,-97,-96,-64,-59,-59,-49,0,-63,-68,-59,-60,-51,-64,-59,-73,-60,-49,0,-87,-72,-88,-83,-87,-76,-87,-95,-74,-89,-88,-83,-77,0,-88,0,-84,-75,0,0,0,-95,0,0,0,0,0,0,0,0,0,0,0,0,0,0,0,0,0,-95,0,0,0,0,0,0,0,0,0,0,0,0,0
5308,5308-AFT-E,-71,-76,-68,-95,-73,-71,-93,0,-72,-75,0,-69,0,-71,0,0,-87,-76,-69,0,-74,-70,0,0,-73,-68,-97,-68,-97,-96,-64,-59,-59,-49,0,-63,-68,-59,-60,-51,-64,-59,-73,-60,-49,0,-87,-72,-88,-83,-87,-76,-87,-95,-74,-89,-88,-83,-77,0,-88,0,-84,-75,0,0,0,-95,0,0,0,0,0,0,0,0,0,0,0,0,0,0,0,0,0,-95,0,0,0,0,0,0,0,0,0,0,0,0,0
5309,5309-AFT-E,-71,-76,-68,-95,-73,-71,-93,0,-72,-75,0,-69,0,-71,0,0,-87,-76,-69,0,-74,-70,0,0,-73,-68,-97,-68,-97,-96,-64,-59,-59,-49,0,-63,-68,-59,-60,-51,-64,-59,-73,-60,-49,0,-87,-72,-88,-83,-87,-76,-87,-95,-74,-89,-88,-83,-77,0,-88,0,-84,-75,0,0,0,-95,0,0,0,0,0,0,0,0,0,0,0,0,0,0,0,0,0,-95,0,0,0,0,0,0,0,0,0,0,0,0,0
5309,5309-AFT-N,-75,-75,-71,0,0,-71,-93,0,-75,-76,0,-73,0,-71,0,0,-87,-72,-71,-90,0,-70,0,0,-75,-75,-95,-76,-96,-97,-73,-51,-68,-45,0,-71,-75,-51,-68,-45,-73,-51,-89,-69,-45,0,-87,-90,-88,0,-87,-85,-87,-97,-90,-89,-88,-87,-83,0,-88,-94,-87,-85,0,0,0,0,0,0,0,0,0,0,0,0,0,0,0,0,0,0,0,0,0,0,0,0,0,0,0,0,0,0,0,0,0,0,0
5309,5309-AFT-W,-75,-75,-71,0,0,-71,-93,0,-75,-76,0,-73,0,-71,0,0,-87,-72,-71,-90,0,-70,0,0,-75,-75,-95,-76,-96,-97,-73,-51,-68,-45,0,-71,-75,-51,-68,-45,-73,-51,-89,-69,-45,0,-87,-90,-88,0,-87,-85,-87,-97,-90,-89,-88,-87,-83,0,-88,-94,-87,-85,0,0,0,0,0,0,0,0,0,0,0,0,0,0,0,0,0,0,0,0,0,0,0,0,0,0,0,0,0,0,0,0,0,0,0
5309,5309-AFT-S,-75,-75,-71,0,0,-71,-93,0,-75,-76,0,-73,0,-71,0,0,-87,-72,-71,-90,0,-70,0,0,-75,-75,-95,-76,-96,-97,-73,-51,-68,-45,0,-71,-75,-51,-68,-45,-73,-51,-89,-69,-45,0,-87,-90,-88,0,-87,-85,-87,-97,-90,-89,-88,-87,-83,0,-88,-94,-87,-85,0,0,0,0,0,0,0,0,0,0,0,0,0,0,0,0,0,0,0,0,0,0,0,0,0,0,0,0,0,0,0,0,0,0,0
5309 FIRE EXTINGUISHER,5309 FIRE EXTINGUISHER-AFT-N,-75,-75,-71,0,0,-71,-93,0,-75,-76,0,-73,0,-71,0,0,-87,-72,-71,-90,0,-70,0,0,-75,-75,-95,-76,-96,-97,-73,-51,-68,-45,0,-71,-75,-51,-68,-45,-73,-51,-89,-69,-45,0,-87,-90,-88,0,-87,-85,-87,-97,-90,-89,-88,-87,-83,0,-88,-94,-87,-85,0,0,0,0,0,0,0,0,0,0,0,0,0,0,0,0,0,0,0,0,0,0,0,0,0,0,0,0,0,0,0,0,0,0,0
5309 FIRE EXTINGUISHER,5309 FIRE EXTINGUISHER-AFT-W,-75,-75,-71,0,0,-71,-93,0,-75,-76,0,-73,0,-71,0,0,-87,-72,-71,-90,0,-70,0,0,-75,-75,-95,-76,-96,-97,-73,-51,-68,-45,0,-71,-75,-51,-68,-45,-73,-51,-89,-69,-45,0,-87,-90,-88,0,-87,-85,-87,-97,-90,-89,-88,-87,-83,0,-88,-94,-87,-85,0,0,0,0,0,0,0,0,0,0,0,0,0,0,0,0,0,0,0,0,0,0,0,0,0,0,0,0,0,0,0,0,0,0,0
5309 FIRE EXTINGUISHER,5309 FIRE EXTINGUISHER-AFT-S,-77,-72,-76,-89,0,-80,0,0,-77,-72,-89,-73,0,-80,0,0,-89,-72,-77,-90,0,-81,0,0,-78,-73,-94,-73,-94,-94,-72,-53,-74,-45,0,-73,-73,-52,-74,-45,-72,-53,-86,-74,-45,0,-71,-86,0,0,-87,-85,-71,-97,-86,0,0,-88,-88,0,0,-94,-87,-88,0,0,0,0,0,0,0,0,0,0,0,0,0,0,0,0,0,0,0,0,0,0,0,0,0,0,0,0,0,0,0,0,0,0,0
5309 FIRE EXTINGUISHER,5309 FIRE EXTINGUISHER-AFT-E,-77,-72,-76,-89,0,-80,0,0,-77,-72,-89,-73,0,-80,0,0,-89,-72,-77,-90,0,-81,0,0,-78,-73,-94,-73,-94,-94,-72,-53,-74,-45,0,-73,-73,-52,-74,-45,-72,-53,-86,-74,-45,0,-71,-86,0,0,-87,-85,-71,-97,-86,0,0,-88,-88,0,0,-94,-87,-88,0,0,0,0,0,0,0,0,0,0,0,0,0,0,0,0,0,0,0,0,0,0,0,0,0,0,0,0,0,0,0,0,0,0,0
5309 STUDY AREA 1,5309 STUDY AREA 1-AFT-N,-87,-76,-75,0,0,-80,0,0,-86,-77,0,-75,0,-83,0,0,-94,-76,-76,0,-77,-83,0,0,-86,-82,0,-82,-97,-97,-80,-55,-81,-52,0,-80,-81,-55,-83,0,-79,-55,-97,-81,-52,0,0,-97,0,0,-88,-89,0,0,-97,0,0,-95,-86,0,0,0,0,-94,0,0,0,0,0,0,0,0,0,0,0,0,0,0,0,0,0,0,0,0,0,0,0,0,0,0,0,0,0,0,0,0,0,0,0
5309 STUDY AREA 1,5309 STUDY AREA 1-AFT-W,-87,-76,-75,0,0,-80,0,0,-86,-77,0,-75,0,-83,0,0,-94,-76,-76,0,-77,-83,0,0,-86,-82,0,-82,-97,-97,-80,-55,-81,-52,0,-80,-81,-55,-83,0,-79,-55,-97,-81,-52,0,0,-97,0,0,-88,-89,0,0,-97,0,0,-95,-86,0,0,0,0,-94,0,0,0,0,0,0,0,0,0,0,0,0,0,0,0,0,0,0,0,0,0,0,0,0,0,0,0,0,0,0,0,0,0,0,0
5309 STUDY AREA 1,5309 STUDY AREA 1-AFT-S,-87,-76,-75,0,0,-80,0,0,-86,-77,0,-75,0,-83,0,0,-94,-76,-76,0,-77,-83,0,0,-86,-82,0,-82,-97,-97,-80,-55,-81,-52,0,-80,-81,-55,-83,0,-79,-55,-97,-81,-52,0,0,-97,0,0,-88,-89,0,0,-97,0,0,-95,-86,0,0,0,0,-94,0,0,0,0,0,0,0,0,0,0,0,0,0,0,0,0,0,0,0,0,0,0,0,0,0,0,0,0,0,0,0,0,0,0,0
5309 STUDY AREA 1,5309 STUDY AREA 1-AFT-E,-87,-76,-75,0,0,-80,0,0,-86,-77,0,-75,0,-83,0,0,-94,-76,-76,0,-77,-83,0,0,-86,-82,0,-82,-97,-97,-80,-55,-81,-52,0,-80,-81,-55,-83,0,-79,-55,-97,-81,-52,0,0,-97,0,0,-88,-89,0,0,-97,0,0,-95,-86,0,0,0,0,-94,0,0,0,0,0,0,0,0,0,0,0,0,0,0,0,0,0,0,0,0,0,0,0,0,0,0,0,0,0,0,0,0,0,0,0
5309 STUDY AREA 2,5309 STUDY AREA 2-AFT-N,-87,-76,-75,0,0,-80,0,0,-86,-77,0,-75,0,-83,0,0,-94,-76,-76,0,-77,-83,0,0,-86,-82,0,-82,-97,-97,-80,-55,-81,-52,0,-80,-81,-55,-83,0,-79,-55,-97,-81,-52,0,0,-97,0,0,-88,-89,0,0,-97,0,0,-95,-86,0,0,0,0,-94,0,0,0,0,0,0,0,0,0,0,0,0,0,0,0,0,0,0,0,0,0,0,0,0,0,0,0,0,0,0,0,0,0,0,0
5309 STUDY AREA 2,5309 STUDY AREA 2-AFT-W,-87,-76,-75,0,0,-80,0,0,-86,-77,0,-75,0,-83,0,0,-94,-76,-76,0,-77,-83,0,0,-86,-82,0,-82,-97,-97,-80,-55,-81,-52,0,-80,-81,-55,-83,0,-79,-55,-97,-81,-52,0,0,-97,0,0,-88,-89,0,0,-97,0,0,-95,-86,0,0,0,0,-94,0,0,0,0,0,0,0,0,0,0,0,0,0,0,0,0,0,0,0,0,0,0,0,0,0,0,0,0,0,0,0,0,0,0,0
5309 STUDY AREA 2,5309 STUDY AREA 2-AFT-S,-87,-76,-75,0,0,-80,0,0,-86,-77,0,-75,0,-83,0,0,-94,-76,-76,0,-77,-83,0,0,-86,-82,0,-82,-97,-97,-80,-55,-81,-52,0,-80,-81,-55,-83,0,-79,-55,-97,-81,-52,0,0,-97,0,0,-88,-89,0,0,-97,0,0,-95,-86,0,0,0,0,-94,0,0,0,0,0,0,0,0,0,0,0,0,0,0,0,0,0,0,0,0,0,0,0,0,0,0,0,0,0,0,0,0,0,0,0
5309 STUDY AREA 2,5309 STUDY AREA 2-AFT-E,-87,-76,-74,0,0,-86,0,0,-87,-76,0,-79,0,-84,0,0,-94,-75,-77,0,-78,-83,0,0,-87,-79,0,-79,0,0,-79,-57,-77,-52,0,-80,-74,-57,-83,0,-74,-56,-97,-81,-63,0,0,-97,0,0,0,0,0,0,-97,0,0,0,0,0,0,0,0,-94,0,0,0,0,0,0,0,0,0,0,0,0,0,0,0,0,0,0,0,0,0,0,0,0,0,0,0,0,0,0,0,0,0,0,0
5315,5315-AFT-N,-87,-76,-74,0,0,-86,0,0,-87,-76,0,-79,0,-84,0,0,-94,-75,-77,0,-78,-83,0,0,-87,-79,0,-79,0,0,-79,-57,-77,-52,0,-80,-74,-57,-83,0,-74,-56,-97,-81,-63,0,0,-97,0,0,0,0,0,0,-97,0,0,0,0,0,0,0,0,-94,0,0,0,0,0,0,0,0,0,0,0,0,0,0,0,0,0,0,0,0,0,0,0,0,0,0,0,0,0,0,0,0,0,0,0
5315,5315-AFT-W,-87,-76,-74,0,0,-86,0,0,-87,-76,0,-79,0,-84,0,0,-94,-75,-77,0,-78,-83,0,0,-87,-79,0,-79,0,0,-79,-57,-77,-52,0,-80,-74,-57,-83,0,-74,-56,-97,-81,-63,0,0,-97,0,0,0,0,0,0,-97,0,0,0,0,0,0,0,0,-94,0,0,0,0,0,0,0,0,0,0,0,0,0,0,0,0,0,0,0,0,0,0,0,0,0,0,0,0,0,0,0,0,0,0,0
5315,5315-AFT-S,-87,-76,-74,0,0,-86,0,0,-87,-76,0,-79,0,-84,0,0,-94,-75,-77,0,-78,-83,0,0,-87,-79,0,-79,0,0,-79,-57,-77,-52,0,-80,-74,-57,-83,0,-74,-56,-97,-81,-63,0,0,-97,0,0,0,0,0,0,-97,0,0,0,0,0,0,0,0,-94,0,0,0,0,0,0,0,0,0,0,0,0,0,0,0,0,0,0,0,0,0,0,0,0,0,0,0,0,0,0,0,0,0,0,0
5315,5315-AFT-E,-87,-76,-74,0,0,-86,0,0,-87,-76,0,-79,0,-84,0,0,-94,-75,-77,0,-78,-83,0,0,-87,-79,0,-79,0,0,-79,-57,-77,-52,0,-80,-74,-57,-83,0,-74,-56,-97,-81,-63,0,0,-97,0,0,0,0,0,0,-97,0,0,0,0,0,0,0,0,-94,0,0,0,0,0,0,0,0,0,0,0,0,0,0,0,0,0,0,0,0,0,0,0,0,0,0,0,0,0,0,0,0,0,0,0
5316,5316-AFT-N,-87,-76,-74,0,0,-86,0,0,-87,-76,0,-79,0,-84,0,0,-94,-75,-77,0,-78,-83,0,0,-87,-79,0,-79,0,0,-79,-57,-77,-52,0,-80,-74,-57,-83,0,-74,-56,-97,-81,-63,0,0,-97,0,0,0,0,0,0,-97,0,0,0,0,0,0,0,0,-94,0,0,0,0,0,0,0,0,0,0,0,0,0,0,0,0,0,0,0,0,0,0,0,0,0,0,0,0,0,0,0,0,0,0,0
5316,5316-AFT-W,-74,-84,-79,0,0,-86,0,0,-73,-82,0,-79,0,-74,0,0,-94,-83,-78,0,-78,0,0,0,-74,-66,-93,-66,-93,-94,-79,-56,-77,0,0,-80,-65,-56,0,0,-74,-56,-78,-83,-63,0,0,-78,-81,0,-92,-80,-93,0,-78,-87,0,-91,-81,0,-88,0,0,-80,0,0,0,0,0,0,0,0,0,0,0,0,0,0,0,0,0,0,0,0,0,0,0,0,0,0,0,0,0,0,0,0,0,0,0
5316,5316-AFT-E,-74,-84,-79,0,0,-86,0,0,-73,-82,0,-79,0,-74,0,0,-94,-83,-78,0,-78,0,0,0,-74,-66,-93,-66,-93,-94,-79,-56,-77,0,0,-80,-65,-56,0,0,-74,-56,-78,-83,-63,0,0,-78,-81,0,-92,-80,-93,0,-78,-87,0,-91,-81,0,-88,0,0,-80,0,0,0,0,0,0,0,0,0,0,0,0,0,0,0,0,0,0,0,0,0,0,0,0,0,0,0,0,0,0,0,0,0,0,0
5316,5316-AFT-S,-74,-84,-79,0,0,-86,0,0,-73,-82,0,-79,0,-74,0,0,-94,-83,-78,0,-78,0,0,0,-74,-66,-93,-66,-93,-94,-79,-56,-77,0,0,-80,-65,-56,0,0,-74,-56,-78,-83,-63,0,0,-78,-81,0,-92,-80,-93,0,-78,-87,0,-91,-81,0,-88,0,0,-80,0,0,0,0,0,0,0,0,0,0,0,0,0,0,0,0,0,0,0,0,0,0,0,0,0,0,0,0,0,0,0,0,0,0,0
5317,5317-AFT-N,-74,-84,-79,0,0,-86,0,0,-73,-82,0,-79,0,-74,0,0,-94,-83,-78,0,-78,0,0,0,-74,-66,-93,-66,-93,-94,-79,-56,-77,0,0,-80,-65,-56,0,0,-74,-56,-78,-83,-63,0,0,-78,-81,0,-92,-80,-93,0,-78,-87,0,-91,-81,0,-88,0,0,-80,0,0,0,0,0,0,0,0,0,0,0,0,0,0,0,0,0,0,0,0,0,0,0,0,0,0,0,0,0,0,0,0,0,0,0
5317,5317-AFT-W,-67,-88,-73,-89,0,-69,0,0,-67,-87,0,-73,0,-70,0,0,-94,-87,-73,-87,0,-70,0,0,-67,-65,-84,-65,-84,-84,-74,-64,-74,0,0,-74,-65,-64,-76,0,-73,-63,-78,-75,-54,0,0,-78,-92,-95,-92,-75,-93,0,-79,-93,-95,-92,-74,0,-93,0,0,-76,0,0,0,0,0,0,0,0,0,0,0,0,0,0,0,0,0,0,0,0,0,0,0,0,0,0,0,0,0,0,0,0,0,0,0
5317,5317-AFT-S,-67,-88,-73,-89,0,-69,0,0,-67,-87,0,-73,0,-70,0,0,-94,-87,-73,-87,0,-70,0,0,-67,-65,-84,-65,-84,-84,-74,-64,-74,0,0,-74,-65,-64,-76,0,-73,-63,-78,-75,-54,0,0,-78,-92,-95,-92,-75,-93,0,-79,-93,-95,-92,-74,0,-93,0,0,-76,0,0,0,0,0,0,0,0,0,0,0,0,0,0,0,0,0,0,0,0,0,0,0,0,0,0,0,0,0,0,0,0,0,0,0
5317,5317-AFT-E,-67,-88,-73,-89,0,-69,0,0,-67,-87,0,-73,0,-70,0,0,-94,-87,-73,-87,0,-70,0,0,-67,-65,-84,-65,-84,-84,-74,-64,-74,0,0,-74,-65,-64,-76,0,-73,-63,-78,-75,-54,0,0,-78,-92,-95,-92,-75,-93,0,-79,-93,-95,-92,-74,0,-93,0,0,-76,0,0,0,0,0,0,0,0,0,0,0,0,0,0,0,0,0,0,0,0,0,0,0,0,0,0,0,0,0,0,0,0,0,0,0
5318,5318-AFT-N,-67,-89,-64,0,0,-69,0,-94,-68,-89,0,-56,0,-69,0,-94,0,-89,-56,0,0,-69,-88,-94,-68,-57,-80,-57,-80,-80,-79,-66,-88,0,0,-80,-57,-67,-87,0,-79,-66,-84,-76,0,0,0,-82,-92,0,0,-84,0,0,-83,-93,0,0,-80,0,-91,0,0,-84,0,0,0,0,0,0,0,0,0,0,0,0,0,0,0,0,0,0,0,0,0,0,0,0,0,0,0,0,0,0,0,0,0,0,0
5318,5318-AFT-W,-67,-89,-64,0,0,-69,0,-94,-68,-89,0,-56,0,-69,0,-94,0,-89,-56,0,0,-69,-88,-94,-68,-57,-80,-57,-80,-80,-79,-66,-88,0,0,-80,-57,-67,-87,0,-79,-66,-84,-76,0,0,0,-82,-92,0,0,-84,0,0,-83,-93,0,0,-80,0,-91,0,0,-84,0,0,0,0,0,0,0,0,0,0,0,0,0,0,0,0,0,0,0,0,0,0,0,0,0,0,0,0,0,0,0,0,0,0,0
5318,5318-AFT-S,-67,-89,-64,0,0,-69,0,-94,-68,-89,0,-56,0,-69,0,-94,0,-89,-56,0,0,-69,-88,-94,-68,-57,-80,-57,-80,-80,-79,-66,-88,0,0,-80,-57,-67,-87,0,-79,-66,-84,-76,0,0,0,-82,-92,0,0,-84,0,0,-83,-93,0,0,-80,0,-91,0,0,-84,0,0,0,0,0,0,0,0,0,0,0,0,0,0,0,0,0,0,0,0,0,0,0,0,0,0,0,0,0,0,0,0,0,0,0
5318,5318-AFT-E,-67,-89,-64,0,0,-69,0,-94,-68,-89,0,-56,0,-69,0,-94,0,-89,-56,0,0,-69,-88,-94,-68,-57,-80,-57,-80,-80,-79,-66,-88,0,0,-80,-57,-67,-87,0,-79,-66,-84,-76,0,0,0,-82,-92,0,0,-84,0,0,-83,-93,0,0,-80,0,-91,0,0,-84,0,0,0,0,0,0,0,0,0,0,0,0,0,0,0,0,0,0,0,0,0,0,0,0,0,0,0,0,0,0,0,0,0,0,0
5319,5319-AFT-N,-67,-89,-64,0,0,-69,0,-94,-68,-89,0,-56,0,-69,0,-94,0,-89,-56,0,0,-69,-88,-94,-68,-57,-80,-57,-80,-80,-79,-66,-88,0,0,-80,-57,-67,-87,0,-79,-66,-84,-76,0,0,0,-82,-92,0,0,-84,0,0,-83,-93,0,0,-80,0,-91,0,0,-84,0,0,0,0,0,0,0,0,0,0,0,0,0,0,0,0,0,0,0,0,0,0,0,0,0,0,0,0,0,0,0,0,0,0,0
5319,5319-AFT-W,-67,-89,-64,0,0,-69,0,-94,-68,-89,0,-56,0,-69,0,-94,0,-89,-56,0,0,-69,-88,-94,-68,-57,-80,-57,-80,-80,-79,-66,-88,0,0,-80,-57,-67,-87,0,-79,-66,-84,-76,0,0,0,-82,-92,0,0,-84,0,0,-83,-93,0,0,-80,0,-91,0,0,-84,0,0,0,0,0,0,0,0,0,0,0,0,0,0,0,0,0,0,0,0,0,0,0,0,0,0,0,0,0,0,0,0,0,0,0
5319,5319-AFT-S,-64,-89,-55,0,0,-60,-84,-95,-64,-89,0,-56,0,-58,-82,-95,0,-88,-57,0,0,-61,0,-96,-65,-53,-77,-53,-78,-77,-73,-63,-74,-63,0,-74,-54,-62,-74,0,-73,-62,-83,-75,-63,0,0,-83,-90,0,0,-82,0,0,-83,-90,0,0,-82,0,-92,0,0,-82,0,0,0,0,0,0,0,0,0,0,0,0,0,0,0,0,0,0,0,0,0,0,0,0,0,0,0,0,0,0,0,0,0,0,0
5319,5319-AFT-E,-64,-89,-55,0,0,-60,-84,-95,-64,-89,0,-56,0,-58,-82,-95,0,-88,-57,0,0,-61,0,-96,-65,-53,-77,-53,-78,-77,-73,-63,-74,-63,0,-74,-54,-62,-74,0,-73,-62,-83,-75,-63,0,0,-83,-90,0,0,-82,0,0,-83,-90,0,0,-82,0,-92,0,0,-82,0,0,0,0,0,0,0,0,0,0,0,0,0,0,0,0,0,0,0,0,0,0,0,0,0,0,0,0,0,0,0,0,0,0,0
5352,5352-AFT-N,0,-52,-92,-88,-58,-94,0,-75,0,-52,0,-94,-57,0,0,-70,-78,-52,-93,-75,-57,0,0,-75,0,-95,-71,-93,-69,-68,-92,-75,-87,0,0,-91,-93,-74,-88,-74,0,-73,0,-86,0,-92,-78,0,0,0,-81,0,-77,-82,0,0,0,-80,0,0,0,0,-81,0,0,0,0,-83,0,0,0,0,0,0,0,0,0,0,0,0,0,0,0,0,0,-82,0,0,0,0,0,0,-95,0,-80,-80,-84,-79,0
5352,5352-AFT-W,0,-52,-92,-88,-58,-94,0,-75,0,-52,0,-94,-57,0,0,-70,-78,-52,-93,-75,-57,0,0,-75,0,-95,-71,-93,-69,-68,-92,-75,-87,0,0,-91,-93,-74,-88,-74,0,-73,0,-86,0,-92,-78,0,0,0,-81,0,-77,-82,0,0,0,-80,0,0,0,0,-81,0,0,0,0,-83,0,0,0,0,0,0,0,0,0,0,0,0,0,0,0,0,0,-82,0,0,0,0,0,0,-95,0,-80,-80,-84,-79,0
5352,5352-AFT-S,0,-52,-92,-88,-58,-94,0,-75,0,-52,0,-94,-57,0,0,-70,-78,-52,-93,-75,-57,0,0,-75,0,-95,-71,-93,-69,-68,-92,-75,-87,0,0,-91,-93,-74,-88,-74,0,-73,0,-86,0,-92,-78,0,0,0,-81,0,-77,-82,0,0,0,-80,0,0,0,0,-81,0,0,0,0,-83,0,0,0,0,0,0,0,0,0,0,0,0,0,0,0,0,0,-82,0,0,0,0,0,0,-95,0,-80,-80,-84,-79,0
5352,5352-AFT-E,0,-52,-92,-88,-58,-94,0,-75,0,-52,0,-94,-57,0,0,-70,-78,-52,-93,-75,-57,0,0,-75,0,-95,-71,-93,-69,-68,-92,-75,-87,0,0,-91,-93,-74,-88,-74,0,-73,0,-86,0,-92,-78,0,0,0,-81,0,-77,-82,0,0,0,-80,0,0,0,0,-81,0,0,0,0,-83,0,0,0,0,0,0,0,0,0,0,0,0,0,0,0,0,0,-82,0,0,0,0,0,0,-95,0,-80,-80,-84,-79,0
5353,5353-AFT-N,0,-52,-92,-88,-58,-94,0,-75,0,-52,0,-94,-57,0,0,-70,-78,-52,-93,-75,-57,0,0,-75,0,-95,-71,-93,-69,-68,-92,-75,-87,0,0,-91,-93,-74,-88,-74,0,-73,0,-86,0,-92,-78,0,0,0,-81,0,-77,-82,0,0,0,-80,0,0,0,0,-81,0,0,0,0,-83,0,0,0,0,0,0,0,0,0,0,0,0,0,0,0,0,0,-82,0,0,0,0,0,0,-95,0,-80,-80,-84,-79,0
5353,5353-AFT-W,0,-52,-92,-88,-58,-94,0,-75,0,-52,0,-94,-57,0,0,-70,-78,-52,-93,-75,-57,0,0,-75,0,-95,-71,-93,-69,-68,-92,-75,-87,0,0,-91,-93,-74,-88,-74,0,-73,0,-86,0,-92,-78,0,0,0,-81,0,-77,-82,0,0,0,-80,0,0,0,0,-81,0,0,0,0,-83,0,0,0,0,0,0,0,0,0,0,0,0,0,0,0,0,0,-82,0,0,0,0,0,0,-95,0,-80,-80,-84,-79,0
5353,5353-AFT-S,0,-58,-87,0,-55,-94,0,-78,0,-58,-66,-87,-56,0,0,-75,-74,-57,-88,-63,-55,0,0,-78,0,-72,-72,-88,-72,-72,0,-83,-88,0,0,0,-87,-83,-91,0,0,-83,0,-86,0,-90,-74,0,0,0,-81,0,-74,-88,0,0,0,-81,0,0,0,0,-81,0,0,0,0,-88,0,0,-94,0,0,0,0,0,0,0,0,-96,0,0,0,0,0,-88,0,0,0,0,0,0,-94,0,-72,-76,0,-76,0
5353,5353-AFT-E,0,-58,-87,0,-55,-94,0,-78,0,-58,-66,-87,-56,0,0,-75,-74,-57,-88,-63,-55,0,0,-78,0,-72,-72,-88,-72,-72,0,-83,-88,0,0,0,-87,-83,-91,0,0,-83,0,-86,0,-90,-74,0,0,0,-81,0,-74,-88,0,0,0,-81,0,0,0,0,-81,0,0,0,0,-88,0,0,-94,0,0,0,0,0,0,0,0,-96,0,0,0,0,0,-88,0,0,0,0,0,0,-94,0,-72,-76,0,-76,0
5351,5351-AFT-N,0,-58,-87,0,-55,-94,0,-78,0,-58,-66,-87,-56,0,0,-75,-74,-57,-88,-63,-55,0,0,-78,0,-72,-72,-88,-72,-72,0,-83,-88,0,0,0,-87,-83,-91,0,0,-83,0,-86,0,-90,-74,0,0,0,-81,0,-74,-88,0,0,0,-81,0,0,0,0,-81,0,0,0,0,-88,0,0,-94,0,0,0,0,0,0,0,0,-96,0,0,0,0,0,-88,0,0,0,0,0,0,-94,0,-72,-76,0,-76,0
5351,5351-AFT-E,0,-58,-87,0,-55,-94,0,-78,0,-58,-66,-87,-56,0,0,-75,-74,-57,-88,-63,-55,0,0,-78,0,-72,-72,-88,-72,-72,0,-83,-88,0,0,0,-87,-83,-91,0,0,-83,0,-86,0,-90,-74,0,0,0,-81,0,-74,-88,0,0,0,-81,0,0,0,0,-81,0,0,0,0,-88,0,0,-94,0,0,0,0,0,0,0,0,-96,0,0,0,0,0,-88,0,0,0,0,0,0,-94,0,-72,-76,0,-76,0
5351,5351-AFT-S,0,-58,-87,0,-55,-94,0,-78,0,-58,-66,-87,-56,0,0,-75,-74,-57,-88,-63,-55,0,0,-78,0,-72,-72,-88,-72,-72,0,-83,-88,0,0,0,-87,-83,-91,0,0,-83,0,-86,0,-90,-74,0,0,0,-81,0,-74,-88,0,0,0,-81,0,0,0,0,-81,0,0,0,0,-88,0,0,-94,0,0,0,0,0,0,0,0,-96,0,0,0,0,0,-88,0,0,0,0,0,0,-94,0,-72,-76,0,-76,0
5351,5351-AFT-W,0,-58,-87,0,-55,-94,0,-78,0,-58,-66,-87,-56,0,0,-75,-74,-57,-88,-63,-55,0,0,-78,0,-72,-72,-88,-72,-72,0,-83,-88,0,0,0,-87,-83,-91,0,0,-83,0,-86,0,-90,-74,0,0,0,-81,0,-74,-88,0,0,0,-81,0,0,0,0,-81,0,0,0,0,-88,0,0,-94,0,0,0,0,0,0,0,0,-96,0,0,0,0,0,-88,0,0,0,0,0,0,-94,0,-72,-76,0,-76,0
5350,5350-AFT-N,0,-58,-87,0,-55,-94,0,-78,0,-58,-66,-87,-56,0,0,-75,-74,-57,-88,-63,-55,0,0,-78,0,-72,-72,-88,-72,-72,0,-83,-88,0,0,0,-87,-83,-91,0,0,-83,0,-86,0,-90,-74,0,0,0,-81,0,-74,-88,0,0,0,-81,0,0,0,0,-81,0,0,0,0,-88,0,0,-94,0,0,0,0,0,0,0,0,-96,0,0,0,0,0,-88,0,0,0,0,0,0,-94,0,-72,-76,0,-76,0
5350,5350-AFT-W,0,-58,-87,0,-55,-94,0,-78,0,-58,-66,-87,-56,0,0,-75,-74,-57,-88,-63,-55,0,0,-78,0,-72,-72,-88,-72,-72,0,-83,-88,0,0,0,-87,-83,-91,0,0,-83,0,-86,0,-90,-74,0,0,0,-81,0,-74,-88,0,0,0,-81,0,0,0,0,-81,0,0,0,0,-88,0,0,-94,0,0,0,0,0,0,0,0,-96,0,0,0,0,0,-88,0,0,0,0,0,0,-94,0,-72,-76,0,-76,0
5350,5350-AFT-S,0,-58,-87,0,-55,0,0,-78,0,-58,-66,-87,-56,0,0,-75,-74,-57,-88,-63,-55,0,0,-78,0,-72,-72,-88,-72,-72,0,-83,-88,0,0,0,-87,-83,-91,0,0,-83,0,-86,0,-90,-74,0,0,0,-81,0,-74,-88,0,0,0,-81,0,0,0,0,-81,0,0,0,0,-88,0,0,-94,0,0,0,0,0,0,0,0,-96,0,0,0,0,0,-88,0,0,0,0,0,0,-94,0,-72,-76,0,-76,0
5350,5350-AFT-E,-88,-66,-84,-63,-63,-89,-66,-74,-89,-65,-65,-80,-64,-90,-67,-74,-81,-65,-80,-63,-65,-87,0,-74,0,-81,-65,-82,-65,-65,0,-91,-88,0,0,0,-81,-92,-91,0,0,-83,0,0,0,-90,-81,0,0,0,0,0,-81,-85,0,0,0,-81,0,0,0,0,0,0,0,0,0,-86,0,0,-94,0,0,0,0,0,0,0,0,-96,0,0,0,0,0,-86,0,0,0,0,0,0,-94,-81,-91,-90,0,-76,0
5349,5349-AFT-N,-86,-66,-73,-45,-70,-83,-72,-69,-86,-66,-45,-72,-70,-82,-69,-69,-76,-66,-73,-47,-70,-82,-70,-69,-85,-72,-54,-72,-54,-54,0,-95,0,0,-93,0,-71,-95,0,-86,0,-94,0,0,0,0,-76,0,0,0,-83,0,-76,-97,0,0,0,-81,0,0,0,0,-82,0,0,0,0,0,0,0,0,0,0,0,0,0,0,0,0,0,0,0,0,0,0,0,0,0,0,0,0,0,0,0,0,0,-94,0,0
5349,5349-AFT-W,-86,-66,-73,-45,-70,-83,-72,-69,-86,-66,-45,-72,-70,-82,-69,-69,-76,-66,-73,-47,-70,-82,-70,-69,-85,-72,-54,-72,-54,-54,0,-95,0,0,-93,0,-71,-95,0,-86,0,-94,0,0,0,0,-76,0,0,0,-83,0,-76,-97,0,0,0,-81,0,0,0,0,-82,0,0,0,0,0,0,0,0,0,0,0,0,0,0,0,0,0,0,0,0,0,0,0,0,0,0,0,0,0,0,0,0,0,-94,0,0
5349,5349-AFT-S,-86,-66,-73,-45,-70,-83,-72,-69,-86,-66,-45,-72,-70,-82,-69,-69,-76,-66,-73,-47,-70,-82,-70,-69,-85,-72,-54,-72,-54,-54,0,-95,0,0,-93,0,-71,-95,0,-86,0,-94,0,0,0,0,-76,0,0,0,-83,0,-76,-97,0,0,0,-81,0,0,0,0,-82,0,0,0,0,0,0,0,0,0,0,0,0,0,0,0,0,0,0,0,0,0,0,0,0,0,0,0,0,0,0,0,0,0,-94,0,0
5349,5349-AFT-E,-86,-66,-73,-45,-70,-83,-72,-69,-86,-66,-45,-72,-70,-82,-69,-69,-76,-66,-73,-47,-70,-82,-70,-69,-85,-72,-54,-72,-54,-54,0,-95,0,0,-93,0,-71,-95,0,-86,0,-94,0,0,0,0,-76,0,0,0,-83,0,-76,-97,0,0,0,-81,0,0,0,0,-82,0,0,0,0,0,0,0,0,0,0,0,0,0,0,0,0,0,0,0,0,0,0,0,0,0,0,0,0,0,0,0,0,0,-94,0,0
5348,5348-AFT-N,-88,-71,-79,-63,-63,-89,-72,-74,-89,-65,-65,-78,-64,-90,-69,-74,-80,-70,-79,-63,-65,-83,-70,-74,0,-72,-65,-72,-65,-65,0,-91,0,0,0,0,-72,-92,0,-86,0,-83,0,0,0,0,-81,0,0,0,0,0,-81,-85,0,0,0,0,0,0,0,0,-81,0,0,0,0,-86,0,0,0,0,0,0,0,0,0,0,0,0,0,0,0,0,0,-86,0,0,0,0,0,0,0,-81,-91,-90,-94,0,0
5348,5348-AFT-W,-84,-71,-79,-63,-63,-89,-72,-74,-83,-70,-65,-78,-64,-90,-69,-74,-80,-71,-79,-63,-65,-83,-70,-75,-83,-72,-60,-72,-60,-60,0,-95,0,0,0,0,-72,-95,0,-86,0,-95,0,0,0,0,-81,0,0,0,0,0,-81,-97,0,0,0,0,0,0,0,0,-81,0,0,0,0,-86,0,0,0,0,0,0,0,0,0,0,0,0,0,0,0,0,0,-86,0,0,0,0,0,0,0,-81,-91,-90,-94,0,0
5348,5348-AFT-S,-84,-71,-79,-63,-63,-89,-72,-74,-83,-70,-65,-78,-64,-90,-69,-74,-80,-71,-79,-63,-65,-83,-70,-75,-83,-72,-60,-72,-60,-60,0,-95,0,0,0,0,-72,-95,0,-86,0,-95,0,0,0,0,-81,0,0,0,0,0,-81,-97,0,0,0,0,0,0,0,0,-81,0,0,0,0,-86,0,0,0,0,0,0,0,0,0,0,0,0,0,0,0,0,0,-86,0,0,0,0,0,0,0,-81,-91,-90,-94,0,0
5348,5348-AFT-E,-84,-71,-79,-63,-63,-89,-72,-74,-83,-70,-65,-78,-64,-90,-69,-74,-80,-71,-79,-63,-65,-83,-70,-75,-83,-72,-60,-72,-60,-60,0,-95,0,0,0,0,-72,-95,0,-86,0,-95,0,0,0,0,-81,0,0,0,0,0,-81,-97,0,0,0,0,0,0,0,0,-81,0,0,0,0,-86,0,0,0,0,0,0,0,0,0,0,0,0,0,0,0,0,0,-86,0,0,0,0,0,0,0,-81,-91,-90,-94,0,0
5347,5347-AFT-N,-84,-71,-79,-63,-63,-89,-72,-74,-83,-70,-65,-78,-64,-90,-69,-74,-80,-71,-79,-63,-65,-83,-70,-75,-83,-72,-60,-72,-60,-60,0,-95,0,0,0,0,-72,-95,0,-86,0,-95,0,0,0,0,-81,0,0,0,0,0,-81,-97,0,0,0,0,0,0,0,0,-81,0,0,0,0,-86,0,0,0,0,0,0,0,0,0,0,0,0,0,0,0,0,0,-86,0,0,0,0,0,0,0,-81,-91,-90,-94,0,0
5347,5347-AFT-W,-84,-71,-79,-63,-63,-89,-72,-74,-83,-70,-65,-78,-64,-90,-69,-74,-80,-71,-79,-63,-65,-83,-70,-75,-83,-72,-60,-72,-60,-60,0,-95,0,0,0,0,-72,-95,0,-86,0,-95,0,0,0,0,-81,0,0,0,0,0,-81,-97,0,0,0,0,0,0,0,0,-81,0,0,0,0,-86,0,0,0,0,0,0,0,0,0,0,0,0,0,0,0,0,0,-86,0,0,0,0,0,0,0,-81,-91,-90,-94,0,0
5347,5347-AFT-S,-84,-71,-79,-63,-63,-89,-72,-74,-83,-70,-65,-78,-64,-90,-69,-74,-80,-71,-79,-63,-65,-83,-70,-75,-83,-72,-60,-72,-60,-60,0,-95,0,0,0,0,-72,-95,0,-86,0,-95,0,0,0,0,-81,0,0,0,0,0,-81,-97,0,0,0,0,0,0,0,0,-81,0,0,0,0,-86,0,0,0,0,0,0,0,0,0,0,0,0,0,0,0,0,0,-86,0,0,0,0,0,0,0,-81,-91,-90,-94,0,0
5347,5347-AFT-E,-84,-71,-79,-63,-63,-89,-72,-74,-83,-70,-65,-78,-64,-90,-69,-74,-80,-71,-79,-63,-65,-83,-70,-75,-83,-72,-60,-72,-60,-60,0,-95,0,0,0,0,-72,-95,0,-86,0,-95,0,0,0,0,-81,0,0,0,0,0,-81,-97,0,0,0,0,0,0,0,0,-81,0,0,0,0,-86,0,0,0,0,0,0,0,0,0,0,0,0,0,0,0,0,0,-86,0,0,0,0,0,0,0,-81,-91,-90,-94,0,0
5346,5346-AFT-N,-84,-71,-79,-63,-63,-89,-72,-74,-83,-70,-65,-78,-64,-90,-69,-74,-80,-71,-79,-63,-65,-83,-70,-75,-83,-72,-60,-72,-60,-60,0,-95,0,0,0,0,-72,-95,0,-86,0,-95,0,0,0,0,-81,0,0,0,0,0,-81,-97,0,0,0,0,0,0,0,0,-81,0,0,0,0,-86,0,0,0,0,0,0,0,0,0,0,0,0,0,0,0,0,0,-86,0,0,0,0,0,0,0,-81,-91,-90,-94,0,0
5346,5346-AFT-W,-84,-71,-79,-63,-63,-89,-72,-74,-83,-70,-65,-78,-64,-90,-69,-74,-80,-71,-79,-63,-65,-83,-70,-75,-83,-72,-60,-72,-60,-60,0,-95,0,0,0,0,-72,-95,0,-86,0,-95,0,0,0,0,-81,0,0,0,0,0,-81,-97,0,0,0,0,0,0,0,0,-81,0,0,0,0,-86,0,0,0,0,0,0,0,0,0,0,0,0,0,0,0,0,0,-86,0,0,0,0,0,0,0,-81,-91,-90,-94,0,0
5346,5346-AFT-S,-86,-66,-73,-45,-70,-83,-72,-69,-86,-66,-45,-72,-70,-82,-69,-69,-76,-66,-73,-47,-70,-82,-70,-69,-85,-72,-54,-72,-54,-54,0,-95,0,0,-93,0,-71,-95,0,-86,0,-94,0,0,0,0,-76,0,0,0,-83,0,-76,-97,0,0,0,-81,0,0,0,0,-82,0,0,0,0,0,0,0,0,0,0,0,0,0,0,0,0,0,0,0,0,0,0,0,0,0,0,0,0,0,0,0,0,0,-94,0,0
5346,5346-AFT-E,-86,-66,-73,-45,-70,-83,-72,-69,-86,-66,-45,-72,-70,-82,-69,-69,-76,-66,-73,-47,-70,-82,-70,-69,-85,-72,-54,-72,-54,-54,0,-95,0,0,-93,0,-71,-95,0,-86,0,-94,0,0,0,0,-76,0,0,0,-83,0,-76,-97,0,0,0,-81,0,0,0,0,-82,0,0,0,0,0,0,0,0,0,0,0,0,0,0,0,0,0,0,0,0,0,0,0,0,0,0,0,0,0,0,0,0,0,-94,0,0
5344,5344-AFT-N,-86,-66,-73,-45,-70,-83,-72,-69,-86,-66,-45,-72,-70,-82,-69,-69,-76,-66,-73,-47,-70,-82,-70,-69,-85,-72,-54,-72,-54,-54,0,-95,0,0,-93,0,-71,-95,0,-86,0,-94,0,0,0,0,-76,0,0,0,-83,0,-76,-97,0,0,0,-81,0,0,0,0,-82,0,0,0,0,0,0,0,0,0,0,0,0,0,0,0,0,0,0,0,0,0,0,0,0,0,0,0,0,0,0,0,0,0,-94,0,0
5344,5344-AFT-W,-86,-66,-73,-45,-70,-83,-72,-69,-86,-66,-45,-72,-70,-82,-69,-69,-76,-66,-73,-47,-70,-82,-70,-69,-85,-72,-54,-72,-54,-54,0,-95,0,0,-93,0,-71,-95,0,-86,0,-94,0,0,0,0,-76,0,0,0,-83,0,-76,-97,0,0,0,-81,0,0,0,0,-82,0,0,0,0,0,0,0,0,0,0,0,0,0,0,0,0,0,0,0,0,0,0,0,0,0,0,0,0,0,0,0,0,0,-94,0,0
5344,5344-AFT-S,-86,-66,-73,-45,-70,-83,-72,-69,-86,-66,-45,-72,-70,-82,-69,-69,-76,-66,-73,-47,-70,-82,-70,-69,-85,-72,-54,-72,-54,-54,0,-95,0,0,-93,0,-71,-95,0,-86,0,-94,0,0,0,0,-76,0,0,0,-83,0,-76,-97,0,0,0,-81,0,0,0,0,-82,0,0,0,0,0,0,0,0,0,0,0,0,0,0,0,0,0,0,0,0,0,0,0,0,0,0,0,0,0,0,0,0,0,-94,0,0
5344,5344-AFT-E,-86,-66,-73,-45,-70,-83,-72,-69,-86,-66,-45,-72,-70,-81,-69,-69,-76,-66,-73,-47,-70,-82,-70,-69,-85,-72,-54,-72,-54,-54,0,-95,0,0,-93,0,-71,-95,0,-86,0,-94,0,0,0,0,-76,0,0,0,-83,0,-76,-97,0,0,0,-81,0,0,0,0,-82,0,0,0,0,0,0,0,0,0,0,0,0,0,0,0,0,0,0,0,0,0,0,0,0,0,0,0,0,0,0,0,0,0,-94,0,0
5345,5345-AFT-N,-84,-70,-73,-45,-70,-83,0,-57,-84,-70,-45,-79,-70,-81,0,-57,-77,-70,-73,-47,-66,-82,0,-55,-84,-83,-63,-81,-63,-63,0,-95,0,0,-93,0,-81,-95,0,0,0,-94,0,0,0,0,-75,0,0,0,-83,0,-75,-93,0,0,0,-81,0,0,0,0,-82,0,0,0,0,-94,0,0,0,0,0,0,0,0,0,0,0,0,0,0,0,0,0,-94,0,0,0,0,0,0,0,0,0,0,0,0,0
5345,5345-AFT-W,-84,-70,-73,-45,-70,-83,0,-57,-84,-70,-45,-79,-70,-81,0,-57,-77,-70,-73,-47,-66,-82,0,-55,-84,-83,-63,-81,-63,-63,0,-95,0,0,-93,0,-81,-95,0,0,0,-94,0,0,0,0,-75,0,0,0,-83,0,-75,-93,0,0,0,-81,0,0,0,0,-82,0,0,0,0,-94,0,0,0,0,0,0,0,0,0,0,0,0,0,0,0,0,0,-94,0,0,0,0,0,0,0,0,0,0,0,0,0
5345,5345-AFT-S,-84,-70,-73,-45,-70,-83,0,-57,-84,-70,-45,-79,-70,-81,0,-57,-77,-70,-73,-47,-66,-82,0,-55,-84,-83,-63,-81,-63,-63,0,-95,0,0,-93,0,-81,-95,0,0,0,-94,0,0,0,0,-75,0,0,0,-83,0,-75,-93,0,0,0,-81,0,0,0,0,-82,0,0,0,0,-94,0,0,0,0,0,0,0,0,0,0,0,0,0,0,0,0,0,-94,0,0,0,0,0,0,0,0,0,0,0,0,0
5345,5345-AFT-E,-84,-70,-73,-45,-70,-83,0,-57,-84,-70,-45,-79,-70,-81,0,-57,-77,-70,-73,-47,-66,-82,0,-55,-84,-83,-63,-81,-63,-63,0,-95,0,0,-93,0,-81,-95,0,0,0,-94,0,0,0,0,-75,0,0,0,-83,0,-75,-93,0,0,0,-81,0,0,0,0,-82,0,0,0,0,-94,0,0,0,0,0,0,0,0,0,0,0,0,0,0,0,0,0,-94,0,0,0,0,0,0,0,0,0,0,0,0,0
5343,5343-AFT-E,-84,-70,-73,-45,-70,-83,0,-57,-84,-70,-45,-79,-70,-81,0,-57,-77,-70,-73,-47,-66,-82,0,-55,-84,-83,-63,-81,-63,-63,0,-95,0,0,-93,0,-81,-95,0,0,0,-94,0,0,0,0,-75,0,0,0,-83,0,-75,-93,0,0,0,-81,0,0,0,0,-82,0,0,0,0,-94,0,0,0,0,0,0,0,0,0,0,0,0,0,0,0,0,0,-94,0,0,0,0,0,0,0,0,0,0,0,0,0
5343,5343-AFT-N,-84,-70,-73,-45,-70,-83,0,-57,-84,-70,-45,-79,-70,-81,0,-57,-77,-70,-73,-47,-66,-82,0,-55,-84,-83,-63,-81,-63,-63,0,-95,0,0,-93,0,-81,-95,0,0,0,-94,0,0,0,0,-75,0,0,0,-83,0,-75,-93,0,0,0,-81,0,0,0,0,-82,0,0,0,0,-94,0,0,0,0,0,0,0,0,0,0,0,0,0,0,0,0,0,-94,0,0,0,0,0,0,0,0,0,0,0,0,0
5343,5343-AFT-W,-84,-70,-73,-45,-70,-83,0,-57,-84,-70,-45,-79,-70,-81,0,-57,-77,-70,-73,-47,-66,-82,0,-55,-84,-83,-63,-81,-63,-63,0,-95,0,0,-93,0,-81,-95,0,0,0,-94,0,0,0,0,-75,0,0,0,-83,0,-75,-93,0,0,0,-81,0,0,0,0,-82,0,0,0,0,-94,0,0,0,0,0,0,0,0,0,0,0,0,0,0,0,0,0,-94,0,0,0,0,0,0,0,0,0,0,0,0,0
5343,5343-AFT-S,-84,-70,-73,-45,-70,-83,0,-57,-84,-70,-45,-79,-70,-81,0,-57,-77,-70,-73,-47,-66,-82,0,-55,-84,-83,-63,-81,-63,-63,0,-95,0,0,0,0,-81,-95,0,0,0,-94,0,0,0,0,-75,0,0,0,0,0,-75,-93,0,0,0,-81,0,0,0,0,0,0,0,0,0,-94,0,0,0,0,0,0,0,0,0,0,0,0,0,0,0,0,0,-94,0,0,0,0,0,0,0,0,0,0,0,0,0
5342,5342-AFT-N,-81,-71,-81,0,0,-78,0,-57,-80,-70,0,-84,0,-80,0,-57,-82,-70,-83,-57,-66,-79,0,-57,-81,-87,-63,-87,-63,-63,0,0,0,0,0,0,-87,0,0,0,0,0,0,0,0,0,-82,0,0,0,-86,0,-82,-93,0,0,0,0,0,0,0,0,0,0,0,0,0,-94,0,0,0,0,0,0,0,0,0,0,0,0,0,0,0,0,0,-94,0,0,0,0,0,0,0,0,0,0,0,0,0
5342,5342-AFT-W,-81,-71,-81,0,0,-78,0,-57,-80,-70,0,-84,0,-80,0,-57,-82,-70,-83,-57,-66,-79,0,-57,-81,-87,-63,-87,-63,-63,0,0,0,0,0,0,-87,0,0,0,0,0,0,0,0,0,-82,0,0,0,-86,0,-82,-93,0,0,0,0,0,0,0,0,0,0,0,0,0,-94,0,0,0,0,0,0,0,0,0,0,0,0,0,0,0,0,0,-94,0,0,0,0,0,0,0,0,0,0,0,0,0
5342,5342-AFT-E,-81,-71,-81,0,0,-78,0,-57,-80,-70,0,-84,0,-80,0,-57,-82,-70,-83,-57,-66,-79,0,-57,-81,-87,-63,-87,-63,-63,0,0,0,0,0,0,-87,0,0,0,0,0,0,0,0,0,-82,0,0,0,-86,0,-82,-93,0,0,0,0,0,0,0,0,0,0,0,0,0,-94,0,0,0,0,0,0,0,0,0,0,0,0,0,0,0,0,0,-94,0,0,0,0,0,0,0,0,0,0,0,0,0
5342,5342-AFT-S,-81,-71,-81,0,0,-78,0,-57,-80,-70,0,-84,0,-80,0,-57,-82,-70,-83,-57,-66,-79,0,-57,-81,-87,-63,-87,-63,-63,0,0,0,0,0,0,-87,0,0,0,0,0,0,0,0,0,-82,0,0,0,-86,0,-82,-93,0,0,0,0,0,0,0,0,0,0,0,0,0,-94,0,0,0,0,0,0,0,0,0,0,0,0,0,0,0,0,0,-94,0,0,0,0,0,0,0,0,0,0,0,0,0
5341,5341-AFT-N,-81,-71,-81,0,0,-78,0,-57,-80,-70,0,-84,0,-80,0,-57,-82,-70,-83,-57,-66,-79,0,-57,-81,-87,-63,-87,-63,-63,0,0,0,0,0,0,-87,0,0,0,0,0,0,0,0,0,-82,0,0,0,-86,0,-82,-93,0,0,0,0,0,0,0,0,0,0,0,0,0,-94,0,0,0,0,0,0,0,0,0,0,0,0,0,0,0,0,0,-94,0,0,0,0,0,0,0,0,0,0,0,0,0
5341,5341-AFT-W,-81,-71,-81,0,0,-78,0,-57,-80,-70,0,-84,0,-80,0,-57,-82,-70,-83,-57,-66,-79,0,-57,-81,-87,-63,-87,-63,-63,0,0,0,0,0,0,-87,0,0,0,0,0,0,0,0,0,-82,0,0,0,-86,0,-82,-93,0,0,0,0,0,0,0,0,0,0,0,0,0,-94,0,0,0,0,0,0,0,0,0,0,0,0,0,0,0,0,0,-94,0,0,0,0,0,0,0,0,0,0,0,0,0
5341,5341-AFT-S,-81,-71,-81,0,0,-78,0,-57,-80,-70,0,-84,0,-80,0,-57,-82,-70,-83,-57,-66,-79,0,-57,-81,-87,-63,-87,-63,-63,0,0,0,0,0,0,-87,0,0,0,0,0,0,0,0,0,-82,0,0,0,-86,0,-82,-93,0,0,0,0,0,0,0,0,0,0,0,0,0,-94,0,0,0,0,0,0,0,0,0,0,0,0,0,0,0,0,0,-94,0,0,0,0,0,0,0,0,0,0,0,0,0
5341,5341-AFT-E,-81,-71,-88,0,-75,-87,0,-57,-80,-70,0,-87,0,-87,0,-57,-82,-70,-89,-57,0,-88,0,-57,-81,-87,-63,-87,-63,-63,0,0,0,0,0,0,-87,0,0,0,0,0,0,0,0,0,-82,0,0,0,-87,0,-82,-93,0,0,0,-86,0,0,0,0,-85,0,0,0,0,-94,0,0,0,0,0,0,0,0,0,0,0,0,0,0,0,0,0,-94,0,0,0,0,0,0,0,0,0,0,0,0,0
5340,5340-AFT-N,-80,-71,-88,0,-75,-87,0,-54,-80,-70,0,-87,0,-87,0,-54,-83,-70,-89,-57,0,-88,0,-54,-80,-87,-68,-87,-68,-68,0,0,0,0,0,0,-79,0,0,0,0,0,0,0,0,0,-83,0,0,0,-87,0,-82,-97,0,0,0,-86,0,0,0,0,-85,0,0,0,0,0,0,0,0,0,0,0,0,0,0,0,0,0,0,0,0,0,0,0,0,0,0,0,0,0,0,0,0,0,0,0,0
5340,5340-AFT-W,-80,-71,-88,0,-75,-87,0,-54,-80,-70,0,-87,0,-87,0,-54,-83,-70,-89,-57,0,-88,0,-54,-80,-87,-68,-87,-68,-68,0,0,0,0,0,0,-79,0,0,0,0,0,0,0,0,0,-83,0,0,0,-87,0,-82,-97,0,0,0,-86,0,0,0,0,-85,0,0,0,0,0,0,0,0,0,0,0,0,0,0,0,0,0,0,0,0,0,0,0,0,0,0,0,0,0,0,0,0,0,0,0,0
5340,5340-AFT-S,-80,-71,-88,0,-75,-87,0,-54,-80,-70,0,-87,0,-87,0,-54,-83,-70,-89,-57,0,-88,0,-54,-80,-87,-68,-87,-68,-68,0,0,0,0,0,0,-79,0,0,0,0,0,0,0,0,0,-83,0,0,0,-87,0,-82,-97,0,0,0,-86,0,0,0,0,-85,0,0,0,0,0,0,0,0,0,0,0,0,0,0,0,0,0,0,0,0,0,0,0,0,0,0,0,0,0,0,0,0,0,0,0,0
5340,5340-AFT-E,-80,-71,-88,0,-75,-87,0,-54,-80,-70,0,-87,0,-87,0,-54,-83,-70,-89,-57,0,-88,0,-54,-80,-87,-68,-87,-68,-68,0,0,0,0,0,0,-79,0,0,0,0,0,0,0,0,0,-83,0,0,0,-87,0,-82,-97,0,0,0,-86,0,0,0,0,-85,0,0,0,0,0,0,0,0,0,0,0,0,0,0,0,0,0,0,0,0,0,0,0,0,0,0,0,0,0,0,0,0,0,0,0,0
5339 QSA 1,5339 QSA 1-AFT-N,-80,-71,-88,0,-75,-87,0,-54,-80,-70,0,-87,0,-87,0,-54,-83,-70,-89,-57,0,-88,0,-54,-80,-87,-68,-87,-68,-68,0,0,0,0,0,0,-79,0,0,0,0,0,0,0,0,0,-83,0,0,0,-87,0,-82,-97,0,0,0,-86,0,0,0,0,-85,0,0,0,0,0,0,0,0,0,0,0,0,0,0,0,0,0,0,0,0,0,0,0,0,0,0,0,0,0,0,0,0,0,0,0,0
5339 QSA 1,5339 QSA 1-AFT-W,-80,-71,-88,0,-75,-87,0,-54,-80,-70,0,-87,0,-87,0,-54,-83,-70,-89,-57,0,-88,0,-54,-80,-87,-68,-87,-68,-68,0,0,0,0,0,0,-79,0,0,0,0,0,0,0,0,0,-83,0,0,0,-87,0,-82,-97,0,0,0,-86,0,0,0,0,-85,0,0,0,0,0,0,0,0,0,0,0,0,0,0,0,0,0,0,0,0,0,0,0,0,0,0,0,0,0,0,0,0,0,0,0,0
5339 QSA 1,5339 QSA 1-AFT-S,-80,-71,-86,0,-75,-82,0,-54,0,0,0,-88,-71,-81,0,-54,-75,-70,-87,0,0,-88,0,-54,-80,-87,-68,-87,-68,-68,0,0,0,0,0,0,-79,0,0,0,0,0,0,0,0,0,-75,0,0,0,-87,0,-75,-97,0,0,0,-86,0,0,0,0,-85,0,0,0,0,0,0,0,0,0,0,0,0,0,0,0,0,0,0,0,0,0,0,0,0,0,0,0,0,0,-94,0,0,0,0,0,0
5339 QSA 1,5339 QSA 1-AFT-E,-83,-72,-86,0,-75,-82,0,-59,-83,-72,0,-88,-71,-81,0,-59,-75,-72,-87,0,0,-88,0,-59,-83,-87,-71,-87,-71,-71,0,0,0,0,0,0,-79,0,0,0,0,0,0,0,0,0,-75,0,0,0,-87,0,-75,-92,0,0,0,-86,0,0,0,0,-85,0,0,0,0,-93,0,0,0,0,0,0,0,0,0,0,0,0,0,0,0,0,0,-92,0,0,0,0,0,0,-94,0,0,0,0,0,0
5339 QSA 2,5339 QSA 2-AFT-N,-83,-72,-86,0,-75,-82,0,-59,-83,-72,0,-88,-71,-81,0,-59,-75,-72,-87,0,0,-88,0,-59,-83,-87,-71,-87,-71,-71,0,0,0,0,0,0,-79,0,0,0,0,0,0,0,0,0,-75,0,0,0,-87,0,-75,-92,0,0,0,-86,0,0,0,0,-85,0,0,0,0,-93,0,0,0,0,0,0,0,0,0,0,0,0,0,0,0,0,0,-92,0,0,0,0,0,0,-94,0,0,0,0,0,0
5339 QSA 2,5339 QSA 2-AFT-W,-83,-72,-86,0,-75,-82,0,-59,-83,-72,0,-88,-71,-81,0,-59,-75,-72,-87,0,0,-88,0,-59,-83,-87,-71,-87,-71,-71,0,0,0,0,0,0,-79,0,0,0,0,0,0,0,0,0,-75,0,0,0,-87,0,-75,-92,0,0,0,-86,0,0,0,0,-85,0,0,0,0,-93,0,0,0,0,0,0,0,0,0,0,0,0,0,0,0,0,0,-92,0,0,0,0,0,0,-94,0,0,0,0,0,0
5339 QSA 2,5339 QSA 2-AFT-S,-83,-72,-86,0,-75,-82,0,-59,-83,-72,0,-88,-71,-81,0,-59,-75,-72,-87,0,0,-88,0,-59,-83,-87,-71,-87,-71,-71,0,0,0,0,0,0,-79,0,0,0,0,0,0,0,0,0,-75,0,0,0,-87,0,-75,-92,0,0,0,-86,0,0,0,0,-85,0,0,0,0,-93,0,0,0,0,0,0,0,0,0,0,0,0,0,0,0,0,0,-92,0,0,0,0,0,0,-94,0,0,0,0,0,0
5339 QSA 2,5339 QSA 2-AFT-E,-83,-72,-86,0,-75,-82,0,-59,-83,-72,0,-88,-71,-81,0,-59,-75,-72,-87,0,0,-88,0,-59,-83,-87,-71,-87,-71,-71,0,0,0,0,0,0,-79,0,0,0,0,0,0,0,0,0,-75,0,0,0,-87,0,-75,-92,0,0,0,-86,0,0,0,0,-85,0,0,0,0,-93,0,0,0,0,0,0,0,0,0,0,0,0,0,0,0,0,0,-92,0,0,0,0,0,0,-94,0,0,0,0,0,0
5337,5337-AFT-N,-70,-84,-77,0,0,-71,0,-51,-70,-84,0,-81,0,-72,-50,-51,-81,-84,-80,0,-82,-71,0,-52,-69,-83,-75,-83,-75,-75,0,0,-90,0,-85,0,-85,0,-91,0,0,0,0,0,0,0,-81,0,0,0,0,0,-81,0,0,0,0,0,0,0,0,0,0,0,0,0,0,0,0,0,0,0,0,0,0,0,0,0,0,0,0,0,0,0,0,0,0,0,0,0,0,0,0,0,0,0,0,0,0
5337,5337-AFT-W,-70,-84,-77,0,0,-71,0,-51,-70,-84,0,-81,0,-72,-50,-51,-81,-84,-80,0,-82,-71,0,-52,-69,-83,-75,-83,-75,-75,0,0,-90,0,-85,0,-85,0,-91,0,0,0,0,0,0,0,-81,0,0,0,0,0,-81,0,0,0,0,0,0,0,0,0,0,0,0,0,0,0,0,0,0,0,0,0,0,0,0,0,0,0,0,0,0,0,0,0,0,0,0,0,0,0,0,0,0,0,0,0,0
5337,5337-AFT-S,-70,-84,-77,0,0,-71,0,-51,-70,-84,0,-81,0,-72,-50,-51,-81,-84,-80,0,-82,-71,0,-52,-69,-83,-75,-83,-75,-75,0,0,-90,0,-85,0,-85,0,-91,0,0,0,0,0,0,0,-81,0,0,0,0,0,-81,0,0,0,0,0,0,0,0,0,0,0,0,0,0,0,0,0,0,0,0,0,0,0,0,0,0,0,0,0,0,0,0,0,0,0,0,0,0,0,0,0,0,0,0,0,0
5337,5337-AFT-E,-70,-84,-77,0,0,-71,0,-51,-70,-84,0,-81,0,-72,-50,-51,-81,-84,-80,0,-82,-71,0,-52,-69,-83,-75,-83,-75,-75,0,0,-90,0,-85,0,-85,0,-91,0,0,0,0,0,0,0,-81,0,0,0,0,0,-81,0,0,0,0,0,0,0,0,0,0,0,0,0,0,0,0,0,0,0,0,0,0,0,0,0,0,0,0,0,0,0,0,0,0,0,0,0,0,0,0,0,0,0,0,0,0
5336,5336-AFT-N,-70,-84,-77,0,0,-71,0,-51,-70,-84,0,-81,0,-72,-50,-51,-81,-84,-80,0,-82,-71,0,-52,-69,-83,-75,-83,-75,-75,0,0,-90,0,-85,0,-85,0,-91,0,0,0,0,0,0,0,-81,0,0,0,0,0,-81,0,0,0,0,0,0,0,0,0,0,0,0,0,0,0,0,0,0,0,0,0,0,0,0,0,0,0,0,0,0,0,0,0,0,0,0,0,0,0,0,0,0,0,0,0,0
5336,5336-AFT-W,-70,-84,-77,0,0,-71,0,-51,-70,-84,0,-81,0,-72,-50,-51,-81,-84,-80,0,-82,-71,0,-52,-69,-83,-75,-83,-75,-75,0,0,-90,0,-85,0,-85,0,-91,0,0,0,0,0,0,0,-81,0,0,0,0,0,-81,0,0,0,0,0,0,0,0,0,0,0,0,0,0,0,0,0,0,0,0,0,0,0,0,0,0,0,0,0,0,0,0,0,0,0,0,0,0,0,0,0,0,0,0,0,0
5336,5336-AFT-S,-70,-84,-77,0,0,-71,0,-51,-70,-84,0,-81,0,-72,-50,-51,-81,-84,-80,0,-82,-71,0,-52,-69,-83,-75,-83,-75,-75,0,0,-90,0,-85,0,-85,0,-91,0,0,0,0,0,0,0,-81,0,0,0,0,0,-81,0,0,0,0,0,0,0,0,0,0,0,0,0,0,0,0,0,0,0,0,0,0,0,0,0,0,0,0,0,0,0,0,0,0,0,0,0,0,0,0,0,0,0,0,0,0
5336,5336-AFT-E,-70,-84,-77,0,0,-71,0,-51,-70,-84,0,-81,0,-72,-50,-51,-81,-84,-80,0,-82,-71,0,-52,-69,-83,-75,-83,-75,-75,0,0,-90,0,-85,0,-85,0,-91,0,0,0,0,0,0,0,-81,0,0,0,0,0,-81,0,0,0,0,0,0,0,0,0,0,0,0,0,0,0,0,0,0,0,0,0,0,0,0,0,0,0,0,0,0,0,0,0,0,0,0,0,0,0,0,0,0,0,0,0,0
5334,5334-AFT-N,-65,-88,-78,0,0,-69,0,-57,-64,-88,0,-78,0,-69,-50,-57,0,-88,-78,0,-82,-71,0,-57,-64,-79,-80,-78,-80,-80,0,0,-90,0,-91,0,-79,0,-91,0,-96,0,0,0,0,0,0,0,0,0,0,0,0,0,0,0,0,0,0,0,0,0,0,0,0,0,0,0,0,0,0,0,0,0,0,0,0,0,0,0,0,0,0,0,0,0,0,0,0,0,0,0,0,0,0,0,0,0,0
5334,5334-AFT-W,-65,-88,-78,0,0,-69,0,-57,-64,-88,0,-78,0,-69,-50,-57,0,-88,-78,0,-82,-71,0,-57,-64,-79,-80,-78,-80,-80,0,0,-90,0,-91,0,-79,0,-91,0,-96,0,0,0,0,0,0,0,0,0,0,0,0,0,0,0,0,0,0,0,0,0,0,0,0,0,0,0,0,0,0,0,0,0,0,0,0,0,0,0,0,0,0,0,0,0,0,0,0,0,0,0,0,0,0,0,0,0,0
5334,5334-AFT-S,-67,-95,-76,-88,0,-63,-71,-69,-67,-92,-88,-75,0,-62,0,-70,0,-92,-75,0,0,-63,-66,-69,-67,-80,-84,-80,-84,-84,0,-96,0,0,-88,0,-80,-96,0,0,-96,-96,0,0,0,0,0,0,0,0,0,0,0,0,0,0,0,0,0,0,0,0,0,0,0,0,0,0,0,0,0,0,0,0,0,0,0,0,0,0,0,0,0,0,0,0,0,0,0,0,0,0,0,0,0,0,0,0,0
5334,5334-AFT-E,-65,-88,-78,0,0,-69,0,-57,-64,-88,0,-78,0,-69,-50,-57,0,-88,-78,0,-82,-71,0,-57,-64,-79,-80,-78,-80,-80,0,0,-90,0,-91,0,-79,0,-91,0,-96,0,0,0,0,0,0,0,0,0,0,0,0,0,0,0,0,0,0,0,0,0,0,0,0,0,0,0,0,0,0,0,0,0,0,0,0,0,0,0,0,0,0,0,0,0,0,0,0,0,0,0,0,0,0,0,0,0,0
5335,5335-AFT-N,-67,-95,-76,-88,0,-63,-71,-69,-67,-92,-88,-75,0,-62,0,-70,0,-92,-75,0,0,-63,-66,-69,-67,-80,-84,-80,-84,-84,0,-96,0,0,-88,0,-80,-96,0,0,-96,-96,0,0,0,0,0,0,0,0,0,0,0,0,0,0,0,0,0,0,0,0,0,0,0,0,0,0,0,0,0,0,0,0,0,0,0,0,0,0,0,0,0,0,0,0,0,0,0,0,0,0,0,0,0,0,0,0,0
5335,5335-AFT-W,-67,-95,-76,-88,0,-63,-71,-69,-67,-92,-88,-75,0,-62,0,-70,0,-92,-75,0,0,-63,-66,-69,-67,-80,-84,-80,-84,-84,0,-96,0,0,-88,0,-80,-96,0,0,-96,-96,0,0,0,0,0,0,0,0,0,0,0,0,0,0,0,0,0,0,0,0,0,0,0,0,0,0,0,0,0,0,0,0,0,0,0,0,0,0,0,0,0,0,0,0,0,0,0,0,0,0,0,0,0,0,0,0,0
5335,5335-AFT-S,-67,-95,-76,-88,0,-63,-71,-69,-67,-92,-88,-75,0,-62,0,-70,0,-92,-75,0,0,-63,-66,-69,-67,-80,-84,-80,-84,-84,0,-96,0,0,-88,0,-80,-96,0,0,-96,-96,0,0,0,0,0,0,0,0,0,0,0,0,0,0,0,0,0,0,0,0,0,0,0,0,0,0,0,0,0,0,0,0,0,0,0,0,0,0,0,0,0,0,0,0,0,0,0,0,0,0,0,0,0,0,0,0,0
5335,5335-AFT-E,-67,-95,-76,-88,0,-63,-71,-69,-67,-92,-88,-75,0,-62,0,-70,0,-92,-75,0,0,-63,-66,-69,-67,-80,-84,-80,-84,-84,0,-96,0,0,-88,0,-80,-96,0,0,-96,-96,0,0,0,0,0,0,0,0,0,0,0,0,0,0,0,0,0,0,0,0,0,0,0,0,0,0,0,0,0,0,0,0,0,0,0,0,0,0,0,0,0,0,0,0,0,0,0,0,0,0,0,0,0,0,0,0,0
5332,5332-AFT-N,-67,-95,-76,-88,0,-63,-71,-69,-67,-92,-88,-75,0,-62,0,-70,0,-92,-75,0,0,-63,-66,-69,-67,-80,-84,-80,-84,-84,0,-96,0,0,-88,0,-80,-96,0,0,-96,-96,0,0,0,0,0,0,0,0,0,0,0,0,0,0,0,0,0,0,0,0,0,0,0,0,0,0,0,0,0,0,0,0,0,0,0,0,0,0,0,0,0,0,0,0,0,0,0,0,0,0,0,0,0,0,0,0,0
5332,5332-AFT-W,-67,-95,-76,-88,0,-63,-71,-69,-67,-92,-88,-75,0,-62,0,-70,0,-92,-75,0,0,-63,-66,-69,-67,-80,-84,-80,-84,-84,0,-96,0,0,-88,0,-80,-96,0,0,-96,-96,0,0,0,0,0,0,0,0,0,0,0,0,0,0,0,0,0,0,0,0,0,0,0,0,0,0,0,0,0,0,0,0,0,0,0,0,0,0,0,0,0,0,0,0,0,0,0,0,0,0,0,0,0,0,0,0,0
5332,5332-AFT-S,-67,-95,-76,-88,0,-63,-71,-69,-67,-92,-88,-75,0,-62,0,-70,0,-92,-75,0,0,-63,-66,-69,-67,-80,-84,-80,-84,-84,0,-96,0,0,-88,0,-80,-96,0,0,-96,-96,0,0,0,0,0,0,0,0,0,0,0,0,0,0,0,0,0,0,0,0,0,0,0,0,0,0,0,0,0,0,0,0,0,0,0,0,0,0,0,0,0,0,0,0,0,0,0,0,0,0,0,0,0,0,0,0,0
5332,5332-AFT-E,-67,-95,-76,-88,0,-63,-71,-69,-67,-92,-88,-75,0,-62,0,-70,0,-92,-75,0,0,-63,-66,-69,-67,-80,-84,-80,-84,-84,0,-96,0,0,-88,0,-80,-96,0,0,-96,-96,0,0,0,0,0,0,0,0,0,0,0,0,0,0,0,0,0,0,0,0,0,0,0,0,0,0,0,0,0,0,0,0,0,0,0,0,0,0,0,0,0,0,0,0,0,0,0,0,0,0,0,0,0,0,0,0,0
5331,5331-AFT-N,-57,-95,-77,-88,-92,-51,-71,-72,-57,-92,-88,-71,0,-51,0,-72,0,-92,-71,0,0,-64,-66,-72,-57,-80,-90,-80,-89,-89,-83,-82,-87,0,-88,-83,-80,-82,-87,0,-83,-83,0,-87,0,0,0,-96,0,0,0,0,0,0,-95,0,0,0,0,0,0,0,0,0,0,0,0,0,0,0,0,0,0,0,0,0,0,0,0,0,0,0,0,0,0,0,0,0,0,0,0,0,0,0,0,0,0,0,0
5331,5331-AFT-W,-57,-95,-77,-88,-92,-51,-71,-72,-57,-92,-88,-71,0,-51,0,-72,0,-92,-71,0,0,-64,-66,-72,-57,-80,-90,-80,-89,-89,-83,-82,-87,0,-88,-83,-80,-82,-87,0,-83,-83,0,-87,0,0,0,-96,0,0,0,0,0,0,-95,0,0,0,0,0,0,0,0,0,0,0,0,0,0,0,0,0,0,0,0,0,0,0,0,0,0,0,0,0,0,0,0,0,0,0,0,0,0,0,0,0,0,0,0
5331,5331-AFT-S,-57,-95,-77,-88,-92,-51,-71,-72,-57,-92,-88,-71,0,-51,0,-72,0,-92,-71,0,0,-64,-66,-72,-57,-80,-90,-80,-89,-89,-83,-82,-87,0,-88,-83,-80,-82,-87,0,-83,-83,0,-87,0,0,0,-96,0,0,0,0,0,0,-95,0,0,0,0,0,0,0,0,0,0,0,0,0,0,0,0,0,0,0,0,0,0,0,0,0,0,0,0,0,0,0,0,0,0,0,0,0,0,0,0,0,0,0,0
5331,5331-AFT-E,-57,-95,-77,-88,-92,-51,-71,-72,-57,-92,-88,-71,0,-51,0,-72,0,-92,-71,0,0,-64,-66,-72,-57,-80,-90,-80,-89,-89,-83,-82,-87,0,-88,-83,-80,-82,-87,0,-83,-83,0,-87,0,0,0,-96,0,0,0,0,0,0,-95,0,0,0,0,0,0,0,0,0,0,0,0,0,0,0,0,0,0,0,0,0,0,0,0,0,0,0,0,0,0,0,0,0,0,0,0,0,0,0,0,0,0,0,0
5328 QSA 1,5328 QSA 1-AFT-N,-52,-94,-62,-84,-92,-51,0,-73,-52,-94,0,-62,0,-50,0,-73,0,0,-62,0,-94,-51,0,-72,-52,-63,-91,-63,-91,-90,-79,-75,-77,0,0,-79,-63,-75,-76,0,-79,-74,-91,-78,0,0,0,-90,-96,0,0,-88,0,0,-90,-95,0,0,-87,0,-96,0,0,-87,0,0,0,0,0,0,0,0,0,0,0,0,0,0,0,0,0,0,0,0,0,0,0,0,0,0,0,0,0,0,0,0,0,0,0
5328 QSA 1,5328 QSA 1-AFT-W,-61,-94,-68,-84,0,-57,0,-73,-61,-94,0,-69,0,-57,0,-73,0,0,-67,0,-94,-57,-77,-72,-60,-67,-91,-67,-91,-90,-78,-79,-78,0,0,-78,-67,-79,-77,-79,-78,-80,-91,-78,0,0,0,-87,-96,0,0,-84,0,0,-87,-95,0,0,-81,0,-96,0,0,-83,0,0,0,0,0,0,0,0,0,0,0,0,0,0,0,0,0,0,0,0,0,0,0,0,0,0,0,0,0,0,0,0,0,0,0
5328 QSA 1,5328 QSA 1-AFT-S,-61,-94,-68,-84,0,-57,0,-73,-61,-94,0,-69,0,-57,0,-73,0,0,-67,0,-94,-57,-77,-72,-60,-67,-91,-67,-91,-90,-78,-79,-78,0,0,-78,-67,-79,-77,-79,-78,-80,-91,-78,0,0,0,-87,-96,0,0,-84,0,0,-87,-95,0,0,-81,0,-96,0,0,-83,0,0,0,0,0,0,0,0,0,0,0,0,0,0,0,0,0,0,0,0,0,0,0,0,0,0,0,0,0,0,0,0,0,0,0
5328 QSA 1,5328 QSA 1-AFT-E,-61,-94,-68,-84,0,-57,0,-73,-61,-94,0,-69,0,-57,0,-73,0,0,-67,0,-94,-57,-77,-72,-60,-67,-91,-67,-91,-90,-78,-79,-78,0,0,-78,-67,-79,-77,-79,-78,-80,-91,-78,0,0,0,-87,-96,0,0,-84,0,0,-87,-95,0,0,-81,0,-96,0,0,-83,0,0,0,0,0,0,0,0,0,0,0,0,0,0,0,0,0,0,0,0,0,0,0,0,0,0,0,0,0,0,0,0,0,0,0
5328 QSA 2,5328 QSA 2-AFT-N,-61,-94,-68,-84,0,-57,0,-73,-61,-94,0,-69,0,-57,0,-73,0,0,-67,0,-94,-57,-77,-72,-60,-67,-91,-67,-91,-90,-78,-79,-78,0,0,-78,-67,-79,-77,-79,-78,-80,-91,-78,0,0,0,-87,-96,0,0,-84,0,0,-87,-95,0,0,-81,0,-96,0,0,-83,0,0,0,0,0,0,0,0,0,0,0,0,0,0,0,0,0,0,0,0,0,0,0,0,0,0,0,0,0,0,0,0,0,0,0
5328 QSA 2,5328 QSA 2-AFT-W,-61,-94,-68,-84,0,-57,0,-73,-61,-94,0,-69,0,-57,0,-73,0,0,-67,0,-94,-57,-77,-72,-60,-67,-91,-67,-91,-90,-78,-79,-78,0,0,-78,-67,-79,-77,-79,-78,-80,-91,-78,0,0,0,-87,-96,0,0,-84,0,0,-87,-95,0,0,-81,0,-96,0,0,-83,0,0,0,0,0,0,0,0,0,0,0,0,0,0,0,0,0,0,0,0,0,0,0,0,0,0,0,0,0,0,0,0,0,0,0
5328 QSA 2,5328 QSA 2-AFT-S,-61,-94,-68,-84,0,-57,0,-73,-61,-94,0,-69,0,-57,0,-73,0,0,-67,0,-94,-57,-77,-72,-60,-67,-91,-67,-91,-90,-78,-79,-78,0,0,-78,-67,-79,-77,-79,-78,-80,-91,-78,0,0,0,-87,-96,0,0,-84,0,0,-87,-95,0,0,-81,0,-96,0,0,-83,0,0,0,0,0,0,0,0,0,0,0,0,0,0,0,0,0,0,0,0,0,0,0,0,0,0,0,0,0,0,0,0,0,0,0
5328 QSA 2,5328 QSA 2-AFT-E,-61,-94,-68,-84,0,-57,0,-73,-61,-94,0,-69,0,-57,0,-73,0,0,-67,0,-94,-57,-77,-72,-60,-67,-91,-67,-91,-90,-78,-79,-78,0,0,-78,-67,-79,-77,-79,-78,-80,-91,-78,0,0,0,-87,-96,0,0,-84,0,0,-87,-95,0,0,-81,0,-96,0,0,-83,0,0,0,0,0,0,0,0,0,0,0,0,0,0,0,0,0,0,0,0,0,0,0,0,0,0,0,0,0,0,0,0,0,0,0
5328,5328-AFT-N,-61,-94,-68,-84,0,-57,0,-73,-61,-94,0,-69,0,-57,0,-73,0,0,-67,0,-94,-57,-77,-72,-60,-67,-91,-67,-91,-90,-78,-79,-78,0,0,-78,-67,-79,-77,-79,-78,-80,-91,-78,0,0,0,-87,-96,0,0,-84,0,0,-87,-95,0,0,-81,0,-96,0,0,-83,0,0,0,0,0,0,0,0,0,0,0,0,0,0,0,0,0,0,0,0,0,0,0,0,0,0,0,0,0,0,0,0,0,0,0
5328,5328-AFT-W,-61,-94,-68,-84,0,-57,0,-73,-61,-94,0,-69,0,-57,0,-73,0,0,-67,0,-94,-57,-77,-72,-60,-67,-91,-67,-91,-90,-78,-79,-78,0,0,-78,-67,-79,-77,-79,-78,-80,-91,-78,0,0,0,-87,-96,0,0,-84,0,0,-87,-95,0,0,-81,0,-96,0,0,-83,0,0,0,0,0,0,0,0,0,0,0,0,0,0,0,0,0,0,0,0,0,0,0,0,0,0,0,0,0,0,0,0,0,0,0
5328,5328-AFT-S,-50,0,-61,0,0,-57,0,-81,-50,0,-87,-59,0,-57,-77,-79,-95,0,-61,-87,0,-57,-76,-79,-50,-60,-93,-58,-94,-93,-71,-81,-75,0,0,-71,-59,-82,-75,-79,-71,-81,-92,-74,-72,0,0,-91,0,0,0,-81,0,0,-91,0,0,0,-80,0,0,0,0,-80,0,0,0,0,0,0,0,0,0,0,0,0,0,0,0,0,0,0,0,0,0,0,0,0,0,0,0,0,0,0,0,0,0,0,0
5328,5328-AFT-E,-50,0,-61,0,0,-57,0,-81,-50,0,-87,-59,0,-57,-77,-79,-95,0,-61,-87,0,-57,-76,-79,-50,-60,-93,-58,-94,-93,-71,-81,-75,0,0,-71,-59,-82,-75,-79,-71,-81,-92,-74,-72,0,0,-91,0,0,0,-81,0,0,-91,0,0,0,-80,0,0,0,0,-80,0,0,0,0,0,0,0,0,0,0,0,0,0,0,0,0,0,0,0,0,0,0,0,0,0,0,0,0,0,0,0,0,0,0,0
5327,5327-AFT-N,-50,0,-61,0,0,-57,0,-81,-50,0,-87,-59,0,-57,-77,-79,-95,0,-61,-87,0,-57,-76,-79,-50,-60,-93,-58,-94,-93,-71,-81,-75,0,0,-71,-59,-82,-75,-79,-71,-81,-92,-74,-72,0,0,-91,0,0,0,-81,0,0,-91,0,0,0,-80,0,0,0,0,-80,0,0,0,0,0,0,0,0,0,0,0,0,0,0,0,0,0,0,0,0,0,0,0,0,0,0,0,0,0,0,0,0,0,0,0
5327,5327-AFT-W,-50,0,-61,0,0,-57,0,-81,-50,0,-87,-59,0,-57,-77,-79,-95,0,-61,-87,0,-57,-76,-79,-50,-60,-93,-58,-94,-93,-71,-81,-75,0,0,-71,-59,-82,-75,-79,-71,-81,-92,-74,-72,0,0,-91,0,0,0,-81,0,0,-91,0,0,0,-80,0,0,0,0,-80,0,0,0,0,0,0,0,0,0,0,0,0,0,0,0,0,0,0,0,0,0,0,0,0,0,0,0,0,0,0,0,0,0,0,0
5327,5327-AFT-S,-50,0,-61,0,0,-57,0,-81,-50,0,-87,-59,0,-57,-77,-79,-95,0,-61,-87,0,-57,-76,-79,-50,-60,-93,-58,-94,-93,-71,-81,-75,0,0,-71,-59,-82,-75,-79,-71,-81,-92,-74,-72,0,0,-91,0,0,0,-81,0,0,-91,0,0,0,-80,0,0,0,0,-80,0,0,0,0,0,0,0,0,0,0,0,0,0,0,0,0,0,0,0,0,0,0,0,0,0,0,0,0,0,0,0,0,0,0,0
5327,5327-AFT-E,-50,0,-61,0,0,-57,0,-81,-50,0,-87,-59,0,-57,-77,-79,-95,0,-61,-87,0,-57,-76,-79,-50,-60,-93,-58,-94,-93,-71,-81,-75,0,0,-71,-59,-82,-75,-79,-71,-81,-92,-74,-72,0,0,-91,0,0,0,-81,0,0,-91,0,0,0,-80,0,0,0,0,-80,0,0,0,0,0,0,0,0,0,0,0,0,0,0,0,0,0,0,0,0,0,0,0,0,0,0,0,0,0,0,0,0,0,0,0
5326,5326-AFT-N,-50,0,-61,0,0,-57,0,-81,-50,0,-87,-59,0,-57,-77,-79,-95,0,-61,-87,0,-57,-76,-79,-50,-60,-93,-58,-94,-93,-71,-81,-75,0,0,-71,-59,-82,-75,-79,-71,-81,-92,-74,-72,0,0,-91,0,0,0,-81,0,0,-91,0,0,0,-80,0,0,0,0,-80,0,0,0,0,0,0,0,0,0,0,0,0,0,0,0,0,0,0,0,0,0,0,0,0,0,0,0,0,0,0,0,0,0,0,0
5326,5326-AFT-W,-50,0,-61,0,0,-57,0,-81,-50,0,-87,-59,0,-57,-77,-79,-95,0,-61,-87,0,-57,-76,-79,-50,-60,-93,-58,-94,-93,-71,-81,-75,0,0,-71,-59,-82,-75,-79,-71,-81,-92,-74,-72,0,0,-91,0,0,0,-81,0,0,-91,0,0,0,-80,0,0,0,0,-80,0,0,0,0,0,0,0,0,0,0,0,0,0,0,0,0,0,0,0,0,0,0,0,0,0,0,0,0,0,0,0,0,0,0,0
5326,5326-AFT-S,-50,0,-61,0,0,-57,0,-81,-50,0,-87,-59,0,-57,-77,-79,-95,0,-61,-87,0,-57,-76,-79,-50,-60,-93,-58,-94,-93,-71,-81,-75,0,0,-71,-59,-82,-75,-79,-71,-81,-92,-74,-72,0,0,-91,0,0,0,-81,0,0,-91,0,0,0,-80,0,0,0,0,-80,0,0,0,0,0,0,0,0,0,0,0,0,0,0,0,0,0,0,0,0,0,0,0,0,0,0,0,0,0,0,0,0,0,0,0
5326,5326-AFT-E,-50,0,-61,0,0,-57,0,-81,-50,0,-87,-59,0,-57,-77,-79,-95,0,-61,-87,0,-57,-76,-79,-50,-60,-93,-58,-94,-93,-71,-81,-75,0,0,-71,-59,-82,-75,-79,-71,-81,-92,-74,-72,0,0,-91,0,0,0,-81,0,0,-91,0,0,0,-80,0,0,0,0,-80,0,0,0,0,0,0,0,0,0,0,0,0,0,0,0,0,0,0,0,0,0,0,0,0,0,0,0,0,0,0,0,0,0,0,0
5325,5325-AFT-E,-54,0,-54,-75,0,0,0,-80,-54,0,-75,-54,0,0,-79,-81,-95,0,-53,-87,0,0,-80,-81,-54,-56,-85,-56,-85,-85,-79,-78,-77,-73,0,-78,-56,-79,-76,-74,-78,-77,-92,-77,-72,0,0,-87,0,0,0,-81,0,0,-87,0,0,0,-90,0,0,0,0,-80,0,0,0,0,0,0,0,0,0,0,0,0,0,0,0,0,0,0,0,0,0,0,0,0,0,0,0,0,0,0,0,0,0,0,0
5325,5325-AFT-N,-54,0,-54,-75,0,0,0,-80,-54,0,-75,-54,0,0,-79,-81,-95,0,-53,-87,0,0,-80,-81,-54,-56,-85,-56,-85,-85,-79,-78,-77,-73,0,-78,-56,-79,-76,-74,-78,-77,-92,-77,-72,0,0,-87,0,0,0,-81,0,0,-87,0,0,0,-90,0,0,0,0,-80,0,0,0,0,0,0,0,0,0,0,0,0,0,0,0,0,0,0,0,0,0,0,0,0,0,0,0,0,0,0,0,0,0,0,0
5325,5325-AFT-W,-54,0,-54,-75,0,0,0,-80,-54,0,-75,-54,0,0,-79,-81,-95,0,-53,-87,0,0,-80,-81,-54,-56,-85,-56,-85,-85,-79,-78,-77,-73,0,-78,-56,-79,-76,-74,-78,-77,-92,-77,-72,0,0,-87,0,0,0,-81,0,0,-87,0,0,0,-90,0,0,0,0,-80,0,0,0,0,0,0,0,0,0,0,0,0,0,0,0,0,0,0,0,0,0,0,0,0,0,0,0,0,0,0,0,0,0,0,0
5325,5325-AFT-S,-54,0,-54,-75,0,0,0,-80,-54,0,-75,-54,0,0,-79,-81,-95,0,-53,-87,0,0,-80,-81,-54,-56,-85,-56,-85,-85,-79,-78,-77,-73,0,-78,-56,-79,-76,-74,-78,-77,-92,-77,-72,0,0,-87,0,0,0,-81,0,0,-87,0,0,0,-90,0,0,0,0,-80,0,0,0,0,0,0,0,0,0,0,0,0,0,0,0,0,0,0,0,0,0,0,0,0,0,0,0,0,0,0,0,0,0,0,0
5324,5324-AFT-N,-54,0,-54,-75,0,0,0,-80,-54,0,-75,-54,0,0,-79,-81,-95,0,-53,-87,0,0,-80,-81,-54,-56,-85,-56,-85,-85,-79,-78,-77,-73,0,-78,-56,-79,-76,-74,-78,-77,-92,-77,-72,0,0,-87,0,0,0,-81,0,0,-87,0,0,0,-90,0,0,0,0,-80,0,0,0,0,0,0,0,0,0,0,0,0,0,0,0,0,0,0,0,0,0,0,0,0,0,0,0,0,0,0,0,0,0,0,0
5324,5324-AFT-W,-54,0,-54,-75,0,0,0,-80,-54,0,-75,-54,0,0,-79,-81,-95,0,-53,-87,0,0,-80,-81,-54,-56,-85,-56,-85,-85,-79,-78,-77,-73,0,-78,-56,-79,-76,-74,-78,-77,-92,-77,-72,0,0,-87,0,0,0,-81,0,0,-87,0,0,0,-90,0,0,0,0,-80,0,0,0,0,0,0,0,0,0,0,0,0,0,0,0,0,0,0,0,0,0,0,0,0,0,0,0,0,0,0,0,0,0,0,0
5324,5324-AFT-E,-54,0,-54,-75,0,0,0,-80,-54,0,-75,-54,0,0,-79,-81,-95,0,-53,-87,0,0,-80,-81,-54,-56,-85,-56,-85,-85,-79,-78,-77,-73,0,-78,-56,-79,-76,-74,-78,-77,-92,-77,-72,0,0,-87,0,0,0,-81,0,0,-87,0,0,0,-90,0,0,0,0,-80,0,0,0,0,0,0,0,0,0,0,0,0,0,0,0,0,0,0,0,0,0,0,0,0,0,0,0,0,0,0,0,0,0,0,0
